[15:12:19] [main/DEBUG] [CleanMix]: Preparing config mixin.mixinbooter.init.json
[15:12:19] [main/DEBUG] [CleanMix]: Registering new injector for @Inject with org.spongepowered.asm.mixin.injection.struct.CallbackInjectionInfo
[15:12:19] [main/DEBUG] [CleanMix]: Registering new injector for @ModifyArg with org.spongepowered.asm.mixin.injection.struct.ModifyArgInjectionInfo
[15:12:19] [main/DEBUG] [CleanMix]: Registering new injector for @ModifyArgs with org.spongepowered.asm.mixin.injection.struct.ModifyArgsInjectionInfo
[15:12:19] [main/DEBUG] [CleanMix]: Registering new injector for @Redirect with org.spongepowered.asm.mixin.injection.struct.RedirectInjectionInfo
[15:12:19] [main/DEBUG] [CleanMix]: Registering new injector for @ModifyVariable with org.spongepowered.asm.mixin.injection.struct.ModifyVariableInjectionInfo
[15:12:19] [main/DEBUG] [CleanMix]: Registering new injector for @ModifyConstant with org.spongepowered.asm.mixin.injection.struct.ModifyConstantInjectionInfo
[15:12:19] [main/DEBUG] [CleanMix]: Preparing mixin.mixinbooter.init.json (3)
[15:12:19] [main/DEBUG] [CleanMix]: Prepared 3 mixins in 0,272 sec (90,7ms avg) (0ms load, 0ms transform, 0ms plugin)
[15:12:19] [main/DEBUG] [CleanMix]: Prepared 0 mixins in 0,272 sec (∞ms avg) (0ms load, 0ms transform, 0ms plugin)
[15:12:19] [main/DEBUG] [CleanMix]: Prepared 0 mixins in 0,272 sec (∞ms avg) (0ms load, 0ms transform, 0ms plugin)
[15:12:19] [main/DEBUG] [CleanMix]: Prepared 0 mixins in 0,272 sec (∞ms avg) (0ms load, 0ms transform, 0ms plugin)
[15:12:19] [main/DEBUG] [CleanMix]: Prepared 0 mixins in 0,273 sec (∞ms avg) (0ms load, 0ms transform, 0ms plugin)
[15:12:19] [main/DEBUG] [CleanMix]: Prepared 0 mixins in 0,273 sec (∞ms avg) (0ms load, 0ms transform, 0ms plugin)
[15:12:19] [main/DEBUG] [CleanMix]: Prepared 0 mixins in 0,274 sec (∞ms avg) (0ms load, 0ms transform, 0ms plugin)
[15:12:19] [main/DEBUG] [CleanMix]: Prepared 0 mixins in 0,274 sec (∞ms avg) (0ms load, 0ms transform, 0ms plugin)
[15:12:19] [main/DEBUG] [CleanMix]: Prepared 0 mixins in 0,274 sec (∞ms avg) (0ms load, 0ms transform, 0ms plugin)
[15:12:19] [main/DEBUG] [CleanMix]: Prepared 0 mixins in 0,274 sec (∞ms avg) (0ms load, 0ms transform, 0ms plugin)
[15:12:19] [main/DEBUG] [CleanMix]: Prepared 0 mixins in 0,274 sec (∞ms avg) (0ms load, 0ms transform, 0ms plugin)
[15:12:19] [main/DEBUG] [CleanMix]: Prepared 0 mixins in 0,274 sec (∞ms avg) (0ms load, 0ms transform, 0ms plugin)
[15:12:19] [main/DEBUG] [CleanMix]: Prepared 0 mixins in 0,274 sec (∞ms avg) (0ms load, 0ms transform, 0ms plugin)
[15:12:19] [main/DEBUG] [CleanMix]: Prepared 0 mixins in 0,274 sec (∞ms avg) (0ms load, 0ms transform, 0ms plugin)
[15:12:19] [main/DEBUG] [CleanMix]: Prepared 0 mixins in 0,274 sec (∞ms avg) (0ms load, 0ms transform, 0ms plugin)
[15:12:19] [main/DEBUG] [CleanMix]: Prepared 0 mixins in 0,274 sec (∞ms avg) (0ms load, 0ms transform, 0ms plugin)
[15:12:19] [main/DEBUG] [CleanMix]: Prepared 0 mixins in 0,274 sec (∞ms avg) (0ms load, 0ms transform, 0ms plugin)
[15:12:19] [main/DEBUG] [CleanMix]: Prepared 0 mixins in 0,274 sec (∞ms avg) (0ms load, 0ms transform, 0ms plugin)
[15:12:19] [main/DEBUG] [CleanMix]: Prepared 0 mixins in 0,274 sec (∞ms avg) (0ms load, 0ms transform, 0ms plugin)
[15:12:19] [main/DEBUG] [CleanMix]: Prepared 0 mixins in 0,274 sec (∞ms avg) (0ms load, 0ms transform, 0ms plugin)
[15:12:19] [main/DEBUG] [CleanMix]: Prepared 0 mixins in 0,274 sec (∞ms avg) (0ms load, 0ms transform, 0ms plugin)
[15:12:19] [main/DEBUG] [CleanMix]: Prepared 0 mixins in 0,275 sec (∞ms avg) (0ms load, 0ms transform, 0ms plugin)
[15:12:19] [main/DEBUG] [CleanMix]: Prepared 0 mixins in 0,276 sec (∞ms avg) (0ms load, 0ms transform, 0ms plugin)
[15:12:19] [main/DEBUG] [CleanMix]: Prepared 0 mixins in 0,276 sec (∞ms avg) (0ms load, 0ms transform, 0ms plugin)
[15:12:20] [main/DEBUG] [CleanMix]: Prepared 0 mixins in 0,277 sec (∞ms avg) (0ms load, 0ms transform, 0ms plugin)
[15:12:20] [main/DEBUG] [CleanMix]: Prepared 0 mixins in 0,277 sec (∞ms avg) (0ms load, 0ms transform, 0ms plugin)
[15:12:20] [main/DEBUG] [CleanMix]: Prepared 0 mixins in 0,277 sec (∞ms avg) (0ms load, 0ms transform, 0ms plugin)
[15:12:20] [main/DEBUG] [CleanMix]: Prepared 0 mixins in 0,277 sec (∞ms avg) (0ms load, 0ms transform, 0ms plugin)
[15:12:20] [main/DEBUG] [CleanMix]: Prepared 0 mixins in 0,277 sec (∞ms avg) (0ms load, 0ms transform, 0ms plugin)
[15:12:20] [main/DEBUG] [CleanMix]: Prepared 0 mixins in 0,277 sec (∞ms avg) (0ms load, 0ms transform, 0ms plugin)
[15:12:20] [main/DEBUG] [CleanMix]: Prepared 0 mixins in 0,277 sec (∞ms avg) (0ms load, 0ms transform, 0ms plugin)
[15:12:20] [main/DEBUG] [CleanMix]: Prepared 0 mixins in 0,277 sec (∞ms avg) (0ms load, 0ms transform, 0ms plugin)
[15:12:20] [main/DEBUG] [CleanMix]: Prepared 0 mixins in 0,277 sec (∞ms avg) (0ms load, 0ms transform, 0ms plugin)
[15:12:20] [main/DEBUG] [CleanMix]: Prepared 0 mixins in 0,277 sec (∞ms avg) (0ms load, 0ms transform, 0ms plugin)
[15:12:20] [main/DEBUG] [CleanMix]: Prepared 0 mixins in 0,277 sec (∞ms avg) (0ms load, 0ms transform, 0ms plugin)
[15:12:20] [main/DEBUG] [CleanMix]: Prepared 0 mixins in 0,277 sec (∞ms avg) (0ms load, 0ms transform, 0ms plugin)
[15:12:20] [main/DEBUG] [CleanMix]: Prepared 0 mixins in 0,277 sec (∞ms avg) (0ms load, 0ms transform, 0ms plugin)
[15:12:20] [main/DEBUG] [CleanMix]: Prepared 0 mixins in 0,278 sec (∞ms avg) (0ms load, 0ms transform, 0ms plugin)
[15:12:20] [main/DEBUG] [CleanMix]: Prepared 0 mixins in 0,278 sec (∞ms avg) (0ms load, 0ms transform, 0ms plugin)
[15:12:20] [main/DEBUG] [CleanMix]: Prepared 0 mixins in 0,278 sec (∞ms avg) (0ms load, 0ms transform, 0ms plugin)
[15:12:20] [main/DEBUG] [CleanMix]: Prepared 0 mixins in 0,278 sec (∞ms avg) (0ms load, 0ms transform, 0ms plugin)
[15:12:20] [main/DEBUG] [CleanMix]: Prepared 0 mixins in 0,278 sec (∞ms avg) (0ms load, 0ms transform, 0ms plugin)
[15:12:20] [main/DEBUG] [CleanMix]: Prepared 0 mixins in 0,278 sec (∞ms avg) (0ms load, 0ms transform, 0ms plugin)
[15:12:20] [main/DEBUG] [CleanMix]: Prepared 0 mixins in 0,278 sec (∞ms avg) (0ms load, 0ms transform, 0ms plugin)
[15:12:20] [main/DEBUG] [CleanMix]: Prepared 0 mixins in 0,278 sec (∞ms avg) (0ms load, 0ms transform, 0ms plugin)
[15:12:20] [main/DEBUG] [CleanMix]: Prepared 0 mixins in 0,278 sec (∞ms avg) (0ms load, 0ms transform, 0ms plugin)
[15:12:20] [main/DEBUG] [CleanMix]: Prepared 0 mixins in 0,278 sec (∞ms avg) (0ms load, 0ms transform, 0ms plugin)
[15:12:20] [main/DEBUG] [CleanMix]: Prepared 0 mixins in 0,278 sec (∞ms avg) (0ms load, 0ms transform, 0ms plugin)
[15:12:20] [main/DEBUG] [CleanMix]: Prepared 0 mixins in 0,278 sec (∞ms avg) (0ms load, 0ms transform, 0ms plugin)
[15:12:20] [main/DEBUG] [CleanMix]: Prepared 0 mixins in 0,278 sec (∞ms avg) (0ms load, 0ms transform, 0ms plugin)
[15:12:20] [main/DEBUG] [CleanMix]: Prepared 0 mixins in 0,278 sec (∞ms avg) (0ms load, 0ms transform, 0ms plugin)
[15:12:20] [main/DEBUG] [CleanMix]: Prepared 0 mixins in 0,278 sec (∞ms avg) (0ms load, 0ms transform, 0ms plugin)
[15:12:20] [main/DEBUG] [CleanMix]: Prepared 0 mixins in 0,278 sec (∞ms avg) (0ms load, 0ms transform, 0ms plugin)
[15:12:20] [main/DEBUG] [CleanMix]: Prepared 0 mixins in 0,278 sec (∞ms avg) (0ms load, 0ms transform, 0ms plugin)
[15:12:20] [main/DEBUG] [CleanMix]: Prepared 0 mixins in 0,278 sec (∞ms avg) (0ms load, 0ms transform, 0ms plugin)
[15:12:20] [main/DEBUG] [CleanMix]: Prepared 0 mixins in 0,278 sec (∞ms avg) (0ms load, 0ms transform, 0ms plugin)
[15:12:20] [main/DEBUG] [CleanMix]: Prepared 0 mixins in 0,278 sec (∞ms avg) (0ms load, 0ms transform, 0ms plugin)
[15:12:20] [main/DEBUG] [CleanMix]: Prepared 0 mixins in 0,279 sec (∞ms avg) (0ms load, 0ms transform, 0ms plugin)
[15:12:20] [main/DEBUG] [CleanMix]: Prepared 0 mixins in 0,280 sec (∞ms avg) (0ms load, 0ms transform, 0ms plugin)
[15:12:20] [main/DEBUG] [CleanMix]: Prepared 0 mixins in 0,280 sec (∞ms avg) (0ms load, 0ms transform, 0ms plugin)
[15:12:21] [main/DEBUG] [CleanMix]: Prepared 0 mixins in 0,280 sec (∞ms avg) (0ms load, 0ms transform, 0ms plugin)
[15:12:21] [main/DEBUG] [CleanMix]: Prepared 0 mixins in 0,280 sec (∞ms avg) (0ms load, 0ms transform, 0ms plugin)
[15:12:21] [main/DEBUG] [CleanMix]: Prepared 0 mixins in 0,281 sec (∞ms avg) (0ms load, 0ms transform, 0ms plugin)
[15:12:21] [main/DEBUG] [CleanMix]: Prepared 0 mixins in 0,281 sec (∞ms avg) (0ms load, 0ms transform, 0ms plugin)
[15:12:22] [main/DEBUG] [CleanMix]: Prepared 0 mixins in 0,281 sec (∞ms avg) (0ms load, 0ms transform, 0ms plugin)
[15:12:24] [main/DEBUG] [CleanMix]: Prepared 0 mixins in 0,282 sec (∞ms avg) (0ms load, 0ms transform, 0ms plugin)
[15:12:24] [main/DEBUG] [CleanMix]: Prepared 0 mixins in 0,282 sec (∞ms avg) (0ms load, 0ms transform, 0ms plugin)
[15:12:24] [main/DEBUG] [CleanMix]: Prepared 0 mixins in 0,282 sec (∞ms avg) (0ms load, 0ms transform, 0ms plugin)
[15:12:24] [main/DEBUG] [CleanMix]: Prepared 0 mixins in 0,283 sec (∞ms avg) (0ms load, 0ms transform, 0ms plugin)
[15:12:24] [main/DEBUG] [CleanMix]: Prepared 0 mixins in 0,283 sec (∞ms avg) (0ms load, 0ms transform, 0ms plugin)
[15:12:24] [main/DEBUG] [CleanMix]: Prepared 0 mixins in 0,283 sec (∞ms avg) (0ms load, 0ms transform, 0ms plugin)
[15:12:24] [main/DEBUG] [CleanMix]: Prepared 0 mixins in 0,283 sec (∞ms avg) (0ms load, 0ms transform, 0ms plugin)
[15:12:24] [main/DEBUG] [CleanMix]: Prepared 0 mixins in 0,283 sec (∞ms avg) (0ms load, 0ms transform, 0ms plugin)
[15:12:24] [main/DEBUG] [CleanMix]: Prepared 0 mixins in 0,283 sec (∞ms avg) (0ms load, 0ms transform, 0ms plugin)
[15:12:24] [main/DEBUG] [CleanMix]: Prepared 0 mixins in 0,283 sec (∞ms avg) (0ms load, 0ms transform, 0ms plugin)
[15:12:24] [main/DEBUG] [CleanMix]: Prepared 0 mixins in 0,283 sec (∞ms avg) (0ms load, 0ms transform, 0ms plugin)
[15:12:24] [main/DEBUG] [CleanMix]: Prepared 0 mixins in 0,283 sec (∞ms avg) (0ms load, 0ms transform, 0ms plugin)
[15:12:24] [main/DEBUG] [CleanMix]: Prepared 0 mixins in 0,283 sec (∞ms avg) (0ms load, 0ms transform, 0ms plugin)
[15:12:24] [main/DEBUG] [CleanMix]: Prepared 0 mixins in 0,283 sec (∞ms avg) (0ms load, 0ms transform, 0ms plugin)
[15:12:24] [main/DEBUG] [CleanMix]: Prepared 0 mixins in 0,283 sec (∞ms avg) (0ms load, 0ms transform, 0ms plugin)
[15:12:24] [main/DEBUG] [CleanMix]: Prepared 0 mixins in 0,283 sec (∞ms avg) (0ms load, 0ms transform, 0ms plugin)
[15:12:24] [main/DEBUG] [CleanMix]: Prepared 0 mixins in 0,283 sec (∞ms avg) (0ms load, 0ms transform, 0ms plugin)
[15:12:24] [main/DEBUG] [CleanMix]: Prepared 0 mixins in 0,283 sec (∞ms avg) (0ms load, 0ms transform, 0ms plugin)
[15:12:24] [main/DEBUG] [CleanMix]: Prepared 0 mixins in 0,283 sec (∞ms avg) (0ms load, 0ms transform, 0ms plugin)
[15:12:24] [main/DEBUG] [CleanMix]: Prepared 0 mixins in 0,283 sec (∞ms avg) (0ms load, 0ms transform, 0ms plugin)
[15:12:24] [main/DEBUG] [CleanMix]: Prepared 0 mixins in 0,283 sec (∞ms avg) (0ms load, 0ms transform, 0ms plugin)
[15:12:24] [main/DEBUG] [CleanMix]: Prepared 0 mixins in 0,283 sec (∞ms avg) (0ms load, 0ms transform, 0ms plugin)
[15:12:24] [main/DEBUG] [CleanMix]: Prepared 0 mixins in 0,283 sec (∞ms avg) (0ms load, 0ms transform, 0ms plugin)
[15:12:24] [main/DEBUG] [CleanMix]: Prepared 0 mixins in 0,283 sec (∞ms avg) (0ms load, 0ms transform, 0ms plugin)
[15:12:24] [main/DEBUG] [CleanMix]: Prepared 0 mixins in 0,283 sec (∞ms avg) (0ms load, 0ms transform, 0ms plugin)
[15:12:24] [main/DEBUG] [CleanMix]: Prepared 0 mixins in 0,283 sec (∞ms avg) (0ms load, 0ms transform, 0ms plugin)
[15:12:24] [main/DEBUG] [CleanMix]: Prepared 0 mixins in 0,283 sec (∞ms avg) (0ms load, 0ms transform, 0ms plugin)
[15:12:24] [main/DEBUG] [CleanMix]: Prepared 0 mixins in 0,283 sec (∞ms avg) (0ms load, 0ms transform, 0ms plugin)
[15:12:24] [main/DEBUG] [CleanMix]: Prepared 0 mixins in 0,284 sec (∞ms avg) (0ms load, 0ms transform, 0ms plugin)
[15:12:24] [main/DEBUG] [CleanMix]: Prepared 0 mixins in 0,284 sec (∞ms avg) (0ms load, 0ms transform, 0ms plugin)
[15:12:24] [main/DEBUG] [CleanMix]: Prepared 0 mixins in 0,284 sec (∞ms avg) (0ms load, 0ms transform, 0ms plugin)
[15:12:24] [main/DEBUG] [CleanMix]: Prepared 0 mixins in 0,284 sec (∞ms avg) (0ms load, 0ms transform, 0ms plugin)
[15:12:24] [main/DEBUG] [CleanMix]: Prepared 0 mixins in 0,284 sec (∞ms avg) (0ms load, 0ms transform, 0ms plugin)
[15:12:24] [main/DEBUG] [CleanMix]: Prepared 0 mixins in 0,284 sec (∞ms avg) (0ms load, 0ms transform, 0ms plugin)
[15:12:24] [main/DEBUG] [CleanMix]: Prepared 0 mixins in 0,284 sec (∞ms avg) (0ms load, 0ms transform, 0ms plugin)
[15:12:24] [main/DEBUG] [CleanMix]: Prepared 0 mixins in 0,284 sec (∞ms avg) (0ms load, 0ms transform, 0ms plugin)
[15:12:24] [main/DEBUG] [CleanMix]: Prepared 0 mixins in 0,284 sec (∞ms avg) (0ms load, 0ms transform, 0ms plugin)
[15:12:24] [main/DEBUG] [CleanMix]: Prepared 0 mixins in 0,284 sec (∞ms avg) (0ms load, 0ms transform, 0ms plugin)
[15:12:24] [main/DEBUG] [CleanMix]: Prepared 0 mixins in 0,284 sec (∞ms avg) (0ms load, 0ms transform, 0ms plugin)
[15:12:24] [main/DEBUG] [CleanMix]: Prepared 0 mixins in 0,285 sec (∞ms avg) (0ms load, 0ms transform, 0ms plugin)
[15:12:24] [main/DEBUG] [CleanMix]: Prepared 0 mixins in 0,285 sec (∞ms avg) (0ms load, 0ms transform, 0ms plugin)
[15:12:24] [main/DEBUG] [CleanMix]: Prepared 0 mixins in 0,285 sec (∞ms avg) (0ms load, 0ms transform, 0ms plugin)
[15:12:24] [main/DEBUG] [CleanMix]: Prepared 0 mixins in 0,285 sec (∞ms avg) (0ms load, 0ms transform, 0ms plugin)
[15:12:24] [main/DEBUG] [CleanMix]: Prepared 0 mixins in 0,285 sec (∞ms avg) (0ms load, 0ms transform, 0ms plugin)
[15:12:24] [main/DEBUG] [CleanMix]: Prepared 0 mixins in 0,285 sec (∞ms avg) (0ms load, 0ms transform, 0ms plugin)
[15:12:24] [main/DEBUG] [CleanMix]: Prepared 0 mixins in 0,286 sec (∞ms avg) (0ms load, 0ms transform, 0ms plugin)
[15:12:24] [main/DEBUG] [CleanMix]: Prepared 0 mixins in 0,286 sec (∞ms avg) (0ms load, 0ms transform, 0ms plugin)
[15:12:24] [main/DEBUG] [CleanMix]: Prepared 0 mixins in 0,286 sec (∞ms avg) (0ms load, 0ms transform, 0ms plugin)
[15:12:24] [main/DEBUG] [CleanMix]: Prepared 0 mixins in 0,286 sec (∞ms avg) (0ms load, 0ms transform, 0ms plugin)
[15:12:24] [main/DEBUG] [CleanMix]: Prepared 0 mixins in 0,287 sec (∞ms avg) (0ms load, 0ms transform, 0ms plugin)
[15:12:24] [main/DEBUG] [CleanMix]: Prepared 0 mixins in 0,288 sec (∞ms avg) (0ms load, 0ms transform, 0ms plugin)
[15:12:24] [main/DEBUG] [CleanMix]: Prepared 0 mixins in 0,288 sec (∞ms avg) (0ms load, 0ms transform, 0ms plugin)
[15:12:24] [main/DEBUG] [CleanMix]: Prepared 0 mixins in 0,288 sec (∞ms avg) (0ms load, 0ms transform, 0ms plugin)
[15:12:24] [main/DEBUG] [CleanMix]: Prepared 0 mixins in 0,288 sec (∞ms avg) (0ms load, 0ms transform, 0ms plugin)
[15:12:24] [main/DEBUG] [CleanMix]: Prepared 0 mixins in 0,288 sec (∞ms avg) (0ms load, 0ms transform, 0ms plugin)
[15:12:24] [main/DEBUG] [CleanMix]: Prepared 0 mixins in 0,288 sec (∞ms avg) (0ms load, 0ms transform, 0ms plugin)
[15:12:24] [main/DEBUG] [CleanMix]: Prepared 0 mixins in 0,288 sec (∞ms avg) (0ms load, 0ms transform, 0ms plugin)
[15:12:24] [main/DEBUG] [CleanMix]: Prepared 0 mixins in 0,289 sec (∞ms avg) (0ms load, 0ms transform, 0ms plugin)
[15:12:24] [main/DEBUG] [CleanMix]: Prepared 0 mixins in 0,289 sec (∞ms avg) (0ms load, 0ms transform, 0ms plugin)
[15:12:24] [main/DEBUG] [CleanMix]: Prepared 0 mixins in 0,290 sec (∞ms avg) (0ms load, 0ms transform, 0ms plugin)
[15:12:24] [main/DEBUG] [CleanMix]: Prepared 0 mixins in 0,290 sec (∞ms avg) (0ms load, 0ms transform, 0ms plugin)
[15:12:24] [main/DEBUG] [CleanMix]: Prepared 0 mixins in 0,290 sec (∞ms avg) (0ms load, 0ms transform, 0ms plugin)
[15:12:24] [main/DEBUG] [CleanMix]: Prepared 0 mixins in 0,291 sec (∞ms avg) (0ms load, 0ms transform, 0ms plugin)
[15:12:24] [main/DEBUG] [CleanMix]: Prepared 0 mixins in 0,291 sec (∞ms avg) (0ms load, 0ms transform, 0ms plugin)
[15:12:24] [main/DEBUG] [CleanMix]: Prepared 0 mixins in 0,291 sec (∞ms avg) (0ms load, 0ms transform, 0ms plugin)
[15:12:24] [main/DEBUG] [CleanMix]: Prepared 0 mixins in 0,291 sec (∞ms avg) (0ms load, 0ms transform, 0ms plugin)
[15:12:24] [main/DEBUG] [CleanMix]: Prepared 0 mixins in 0,291 sec (∞ms avg) (0ms load, 0ms transform, 0ms plugin)
[15:12:24] [main/DEBUG] [CleanMix]: Prepared 0 mixins in 0,291 sec (∞ms avg) (0ms load, 0ms transform, 0ms plugin)
[15:12:24] [main/DEBUG] [CleanMix]: Prepared 0 mixins in 0,291 sec (∞ms avg) (0ms load, 0ms transform, 0ms plugin)
[15:12:24] [main/DEBUG] [CleanMix]: Prepared 0 mixins in 0,291 sec (∞ms avg) (0ms load, 0ms transform, 0ms plugin)
[15:12:24] [main/DEBUG] [CleanMix]: Prepared 0 mixins in 0,291 sec (∞ms avg) (0ms load, 0ms transform, 0ms plugin)
[15:12:24] [main/DEBUG] [CleanMix]: Prepared 0 mixins in 0,291 sec (∞ms avg) (0ms load, 0ms transform, 0ms plugin)
[15:12:24] [main/DEBUG] [CleanMix]: Prepared 0 mixins in 0,291 sec (∞ms avg) (0ms load, 0ms transform, 0ms plugin)
[15:12:24] [main/DEBUG] [CleanMix]: Prepared 0 mixins in 0,292 sec (∞ms avg) (0ms load, 0ms transform, 0ms plugin)
[15:12:24] [main/DEBUG] [CleanMix]: Prepared 0 mixins in 0,292 sec (∞ms avg) (0ms load, 0ms transform, 0ms plugin)
[15:12:24] [main/DEBUG] [CleanMix]: Prepared 0 mixins in 0,293 sec (∞ms avg) (0ms load, 0ms transform, 0ms plugin)
[15:12:24] [main/DEBUG] [CleanMix]: Prepared 0 mixins in 0,293 sec (∞ms avg) (0ms load, 0ms transform, 0ms plugin)
[15:12:24] [main/DEBUG] [CleanMix]: Prepared 0 mixins in 0,293 sec (∞ms avg) (0ms load, 0ms transform, 0ms plugin)
[15:12:24] [main/DEBUG] [CleanMix]: Prepared 0 mixins in 0,293 sec (∞ms avg) (0ms load, 0ms transform, 0ms plugin)
[15:12:24] [main/DEBUG] [CleanMix]: Prepared 0 mixins in 0,293 sec (∞ms avg) (0ms load, 0ms transform, 0ms plugin)
[15:12:24] [main/DEBUG] [CleanMix]: Prepared 0 mixins in 0,293 sec (∞ms avg) (0ms load, 0ms transform, 0ms plugin)
[15:12:24] [main/DEBUG] [CleanMix]: Prepared 0 mixins in 0,293 sec (∞ms avg) (0ms load, 0ms transform, 0ms plugin)
[15:12:24] [main/DEBUG] [CleanMix]: Prepared 0 mixins in 0,293 sec (∞ms avg) (0ms load, 0ms transform, 0ms plugin)
[15:12:24] [main/DEBUG] [CleanMix]: Prepared 0 mixins in 0,293 sec (∞ms avg) (0ms load, 0ms transform, 0ms plugin)
[15:12:24] [main/DEBUG] [CleanMix]: Prepared 0 mixins in 0,293 sec (∞ms avg) (0ms load, 0ms transform, 0ms plugin)
[15:12:24] [main/DEBUG] [CleanMix]: Prepared 0 mixins in 0,293 sec (∞ms avg) (0ms load, 0ms transform, 0ms plugin)
[15:12:24] [main/DEBUG] [CleanMix]: Prepared 0 mixins in 0,293 sec (∞ms avg) (0ms load, 0ms transform, 0ms plugin)
[15:12:24] [main/DEBUG] [CleanMix]: Prepared 0 mixins in 0,293 sec (∞ms avg) (0ms load, 0ms transform, 0ms plugin)
[15:12:24] [main/DEBUG] [CleanMix]: Prepared 0 mixins in 0,293 sec (∞ms avg) (0ms load, 0ms transform, 0ms plugin)
[15:12:24] [main/DEBUG] [CleanMix]: Prepared 0 mixins in 0,294 sec (∞ms avg) (0ms load, 0ms transform, 0ms plugin)
[15:12:24] [main/DEBUG] [CleanMix]: Prepared 0 mixins in 0,294 sec (∞ms avg) (0ms load, 0ms transform, 0ms plugin)
[15:12:24] [main/DEBUG] [CleanMix]: Prepared 0 mixins in 0,294 sec (∞ms avg) (0ms load, 0ms transform, 0ms plugin)
[15:12:24] [main/DEBUG] [CleanMix]: Prepared 0 mixins in 0,294 sec (∞ms avg) (0ms load, 0ms transform, 0ms plugin)
[15:12:25] [main/DEBUG] [CleanMix]: Prepared 0 mixins in 0,294 sec (∞ms avg) (0ms load, 0ms transform, 0ms plugin)
[15:12:25] [main/DEBUG] [CleanMix]: Prepared 0 mixins in 0,294 sec (∞ms avg) (0ms load, 0ms transform, 0ms plugin)
[15:12:25] [main/DEBUG] [CleanMix]: Prepared 0 mixins in 0,294 sec (∞ms avg) (0ms load, 0ms transform, 0ms plugin)
[15:12:25] [main/DEBUG] [CleanMix]: Prepared 0 mixins in 0,294 sec (∞ms avg) (0ms load, 0ms transform, 0ms plugin)
[15:12:25] [main/DEBUG] [CleanMix]: Prepared 0 mixins in 0,294 sec (∞ms avg) (0ms load, 0ms transform, 0ms plugin)
[15:12:25] [main/DEBUG] [CleanMix]: Prepared 0 mixins in 0,294 sec (∞ms avg) (0ms load, 0ms transform, 0ms plugin)
[15:12:25] [main/DEBUG] [CleanMix]: Prepared 0 mixins in 0,294 sec (∞ms avg) (0ms load, 0ms transform, 0ms plugin)
[15:12:25] [main/DEBUG] [CleanMix]: Prepared 0 mixins in 0,294 sec (∞ms avg) (0ms load, 0ms transform, 0ms plugin)
[15:12:25] [main/DEBUG] [CleanMix]: Prepared 0 mixins in 0,295 sec (∞ms avg) (0ms load, 0ms transform, 0ms plugin)
[15:12:25] [main/DEBUG] [CleanMix]: Prepared 0 mixins in 0,297 sec (∞ms avg) (0ms load, 0ms transform, 0ms plugin)
[15:12:25] [main/DEBUG] [CleanMix]: Prepared 0 mixins in 0,297 sec (∞ms avg) (0ms load, 0ms transform, 0ms plugin)
[15:12:25] [main/DEBUG] [CleanMix]: Prepared 0 mixins in 0,297 sec (∞ms avg) (0ms load, 0ms transform, 0ms plugin)
[15:12:25] [main/DEBUG] [CleanMix]: Prepared 0 mixins in 0,297 sec (∞ms avg) (0ms load, 0ms transform, 0ms plugin)
[15:12:25] [main/DEBUG] [CleanMix]: Prepared 0 mixins in 0,297 sec (∞ms avg) (0ms load, 0ms transform, 0ms plugin)
[15:12:25] [main/DEBUG] [CleanMix]: Prepared 0 mixins in 0,297 sec (∞ms avg) (0ms load, 0ms transform, 0ms plugin)
[15:12:25] [main/DEBUG] [CleanMix]: Prepared 0 mixins in 0,297 sec (∞ms avg) (0ms load, 0ms transform, 0ms plugin)
[15:12:25] [main/DEBUG] [CleanMix]: Prepared 0 mixins in 0,297 sec (∞ms avg) (0ms load, 0ms transform, 0ms plugin)
[15:12:25] [main/DEBUG] [CleanMix]: Prepared 0 mixins in 0,297 sec (∞ms avg) (0ms load, 0ms transform, 0ms plugin)
[15:12:25] [main/DEBUG] [CleanMix]: Prepared 0 mixins in 0,297 sec (∞ms avg) (0ms load, 0ms transform, 0ms plugin)
[15:12:25] [main/DEBUG] [CleanMix]: Prepared 0 mixins in 0,297 sec (∞ms avg) (0ms load, 0ms transform, 0ms plugin)
[15:12:25] [main/DEBUG] [CleanMix]: Prepared 0 mixins in 0,297 sec (∞ms avg) (0ms load, 0ms transform, 0ms plugin)
[15:12:25] [main/DEBUG] [CleanMix]: Prepared 0 mixins in 0,297 sec (∞ms avg) (0ms load, 0ms transform, 0ms plugin)
[15:12:25] [main/DEBUG] [CleanMix]: Prepared 0 mixins in 0,297 sec (∞ms avg) (0ms load, 0ms transform, 0ms plugin)
[15:12:25] [main/DEBUG] [CleanMix]: Prepared 0 mixins in 0,297 sec (∞ms avg) (0ms load, 0ms transform, 0ms plugin)
[15:12:25] [main/DEBUG] [CleanMix]: Prepared 0 mixins in 0,297 sec (∞ms avg) (0ms load, 0ms transform, 0ms plugin)
[15:12:25] [main/DEBUG] [CleanMix]: Prepared 0 mixins in 0,297 sec (∞ms avg) (0ms load, 0ms transform, 0ms plugin)
[15:12:25] [main/DEBUG] [CleanMix]: Prepared 0 mixins in 0,297 sec (∞ms avg) (0ms load, 0ms transform, 0ms plugin)
[15:12:25] [main/DEBUG] [CleanMix]: Prepared 0 mixins in 0,297 sec (∞ms avg) (0ms load, 0ms transform, 0ms plugin)
[15:12:25] [main/DEBUG] [CleanMix]: Prepared 0 mixins in 0,297 sec (∞ms avg) (0ms load, 0ms transform, 0ms plugin)
[15:12:25] [main/DEBUG] [CleanMix]: Prepared 0 mixins in 0,297 sec (∞ms avg) (0ms load, 0ms transform, 0ms plugin)
[15:12:25] [main/DEBUG] [CleanMix]: Prepared 0 mixins in 0,298 sec (∞ms avg) (0ms load, 0ms transform, 0ms plugin)
[15:12:25] [main/DEBUG] [CleanMix]: Prepared 0 mixins in 0,298 sec (∞ms avg) (0ms load, 0ms transform, 0ms plugin)
[15:12:25] [main/DEBUG] [CleanMix]: Prepared 0 mixins in 0,299 sec (∞ms avg) (0ms load, 0ms transform, 0ms plugin)
[15:12:25] [main/DEBUG] [CleanMix]: Prepared 0 mixins in 0,299 sec (∞ms avg) (0ms load, 0ms transform, 0ms plugin)
[15:12:25] [main/DEBUG] [CleanMix]: Prepared 0 mixins in 0,300 sec (∞ms avg) (0ms load, 0ms transform, 0ms plugin)
[15:12:25] [main/DEBUG] [CleanMix]: Prepared 0 mixins in 0,300 sec (∞ms avg) (0ms load, 0ms transform, 0ms plugin)
[15:12:25] [main/DEBUG] [CleanMix]: Prepared 0 mixins in 0,300 sec (∞ms avg) (0ms load, 0ms transform, 0ms plugin)
[15:12:25] [main/DEBUG] [CleanMix]: Prepared 0 mixins in 0,300 sec (∞ms avg) (0ms load, 0ms transform, 0ms plugin)
[15:12:25] [main/DEBUG] [CleanMix]: Prepared 0 mixins in 0,300 sec (∞ms avg) (0ms load, 0ms transform, 0ms plugin)
[15:12:25] [main/DEBUG] [CleanMix]: Prepared 0 mixins in 0,300 sec (∞ms avg) (0ms load, 0ms transform, 0ms plugin)
[15:12:25] [main/DEBUG] [CleanMix]: Prepared 0 mixins in 0,300 sec (∞ms avg) (0ms load, 0ms transform, 0ms plugin)
[15:12:25] [main/DEBUG] [CleanMix]: Prepared 0 mixins in 0,300 sec (∞ms avg) (0ms load, 0ms transform, 0ms plugin)
[15:12:25] [main/DEBUG] [CleanMix]: Prepared 0 mixins in 0,300 sec (∞ms avg) (0ms load, 0ms transform, 0ms plugin)
[15:12:25] [main/DEBUG] [CleanMix]: Prepared 0 mixins in 0,303 sec (∞ms avg) (0ms load, 0ms transform, 0ms plugin)
[15:12:25] [main/DEBUG] [CleanMix]: Prepared 0 mixins in 0,303 sec (∞ms avg) (0ms load, 0ms transform, 0ms plugin)
[15:12:25] [main/DEBUG] [CleanMix]: Prepared 0 mixins in 0,303 sec (∞ms avg) (0ms load, 0ms transform, 0ms plugin)
[15:12:25] [main/DEBUG] [CleanMix]: Prepared 0 mixins in 0,303 sec (∞ms avg) (0ms load, 0ms transform, 0ms plugin)
[15:12:25] [main/DEBUG] [CleanMix]: Prepared 0 mixins in 0,303 sec (∞ms avg) (0ms load, 0ms transform, 0ms plugin)
[15:12:25] [main/DEBUG] [CleanMix]: Prepared 0 mixins in 0,303 sec (∞ms avg) (0ms load, 0ms transform, 0ms plugin)
[15:12:25] [main/DEBUG] [CleanMix]: Prepared 0 mixins in 0,306 sec (∞ms avg) (0ms load, 0ms transform, 0ms plugin)
[15:12:25] [main/DEBUG] [CleanMix]: Prepared 0 mixins in 0,306 sec (∞ms avg) (0ms load, 0ms transform, 0ms plugin)
[15:12:25] [main/DEBUG] [CleanMix]: Prepared 0 mixins in 0,306 sec (∞ms avg) (0ms load, 0ms transform, 0ms plugin)
[15:12:25] [main/DEBUG] [CleanMix]: Prepared 0 mixins in 0,306 sec (∞ms avg) (0ms load, 0ms transform, 0ms plugin)
[15:12:25] [main/DEBUG] [CleanMix]: Prepared 0 mixins in 0,306 sec (∞ms avg) (0ms load, 0ms transform, 0ms plugin)
[15:12:25] [main/DEBUG] [CleanMix]: Prepared 0 mixins in 0,306 sec (∞ms avg) (0ms load, 0ms transform, 0ms plugin)
[15:12:25] [main/DEBUG] [CleanMix]: Prepared 0 mixins in 0,306 sec (∞ms avg) (0ms load, 0ms transform, 0ms plugin)
[15:12:25] [main/DEBUG] [CleanMix]: Prepared 0 mixins in 0,306 sec (∞ms avg) (0ms load, 0ms transform, 0ms plugin)
[15:12:25] [main/DEBUG] [CleanMix]: Prepared 0 mixins in 0,306 sec (∞ms avg) (0ms load, 0ms transform, 0ms plugin)
[15:12:25] [main/DEBUG] [CleanMix]: Prepared 0 mixins in 0,306 sec (∞ms avg) (0ms load, 0ms transform, 0ms plugin)
[15:12:25] [main/DEBUG] [CleanMix]: Prepared 0 mixins in 0,306 sec (∞ms avg) (0ms load, 0ms transform, 0ms plugin)
[15:12:25] [main/DEBUG] [CleanMix]: Prepared 0 mixins in 0,306 sec (∞ms avg) (0ms load, 0ms transform, 0ms plugin)
[15:12:25] [main/DEBUG] [CleanMix]: Prepared 0 mixins in 0,306 sec (∞ms avg) (0ms load, 0ms transform, 0ms plugin)
[15:12:25] [main/DEBUG] [CleanMix]: Prepared 0 mixins in 0,306 sec (∞ms avg) (0ms load, 0ms transform, 0ms plugin)
[15:12:25] [main/DEBUG] [CleanMix]: Prepared 0 mixins in 0,306 sec (∞ms avg) (0ms load, 0ms transform, 0ms plugin)
[15:12:25] [main/DEBUG] [CleanMix]: Prepared 0 mixins in 0,306 sec (∞ms avg) (0ms load, 0ms transform, 0ms plugin)
[15:12:25] [main/DEBUG] [CleanMix]: Prepared 0 mixins in 0,306 sec (∞ms avg) (0ms load, 0ms transform, 0ms plugin)
[15:12:25] [main/DEBUG] [CleanMix]: Prepared 0 mixins in 0,306 sec (∞ms avg) (0ms load, 0ms transform, 0ms plugin)
[15:12:25] [main/DEBUG] [CleanMix]: Prepared 0 mixins in 0,306 sec (∞ms avg) (0ms load, 0ms transform, 0ms plugin)
[15:12:25] [main/DEBUG] [CleanMix]: Prepared 0 mixins in 0,306 sec (∞ms avg) (0ms load, 0ms transform, 0ms plugin)
[15:12:25] [main/DEBUG] [CleanMix]: Prepared 0 mixins in 0,306 sec (∞ms avg) (0ms load, 0ms transform, 0ms plugin)
[15:12:25] [main/DEBUG] [CleanMix]: Prepared 0 mixins in 0,307 sec (∞ms avg) (0ms load, 0ms transform, 0ms plugin)
[15:12:25] [main/DEBUG] [CleanMix]: Prepared 0 mixins in 0,307 sec (∞ms avg) (0ms load, 0ms transform, 0ms plugin)
[15:12:25] [main/DEBUG] [CleanMix]: Prepared 0 mixins in 0,307 sec (∞ms avg) (0ms load, 0ms transform, 0ms plugin)
[15:12:25] [main/DEBUG] [CleanMix]: Prepared 0 mixins in 0,307 sec (∞ms avg) (0ms load, 0ms transform, 0ms plugin)
[15:12:25] [main/DEBUG] [CleanMix]: Prepared 0 mixins in 0,307 sec (∞ms avg) (0ms load, 0ms transform, 0ms plugin)
[15:12:25] [main/DEBUG] [CleanMix]: Prepared 0 mixins in 0,307 sec (∞ms avg) (0ms load, 0ms transform, 0ms plugin)
[15:12:25] [main/DEBUG] [CleanMix]: Prepared 0 mixins in 0,307 sec (∞ms avg) (0ms load, 0ms transform, 0ms plugin)
[15:12:25] [main/DEBUG] [CleanMix]: Prepared 0 mixins in 0,307 sec (∞ms avg) (0ms load, 0ms transform, 0ms plugin)
[15:12:25] [main/DEBUG] [CleanMix]: Prepared 0 mixins in 0,307 sec (∞ms avg) (0ms load, 0ms transform, 0ms plugin)
[15:12:25] [main/DEBUG] [CleanMix]: Prepared 0 mixins in 0,308 sec (∞ms avg) (0ms load, 0ms transform, 0ms plugin)
[15:12:25] [main/DEBUG] [CleanMix]: Prepared 0 mixins in 0,309 sec (∞ms avg) (0ms load, 0ms transform, 0ms plugin)
[15:12:25] [main/DEBUG] [CleanMix]: Prepared 0 mixins in 0,309 sec (∞ms avg) (0ms load, 0ms transform, 0ms plugin)
[15:12:25] [main/DEBUG] [CleanMix]: Prepared 0 mixins in 0,309 sec (∞ms avg) (0ms load, 0ms transform, 0ms plugin)
[15:12:25] [main/DEBUG] [CleanMix]: Prepared 0 mixins in 0,309 sec (∞ms avg) (0ms load, 0ms transform, 0ms plugin)
[15:12:25] [main/DEBUG] [CleanMix]: Prepared 0 mixins in 0,309 sec (∞ms avg) (0ms load, 0ms transform, 0ms plugin)
[15:12:25] [main/DEBUG] [CleanMix]: Prepared 0 mixins in 0,309 sec (∞ms avg) (0ms load, 0ms transform, 0ms plugin)
[15:12:25] [main/DEBUG] [CleanMix]: Prepared 0 mixins in 0,309 sec (∞ms avg) (0ms load, 0ms transform, 0ms plugin)
[15:12:25] [main/DEBUG] [CleanMix]: Prepared 0 mixins in 0,309 sec (∞ms avg) (0ms load, 0ms transform, 0ms plugin)
[15:12:25] [main/DEBUG] [CleanMix]: Prepared 0 mixins in 0,309 sec (∞ms avg) (0ms load, 0ms transform, 0ms plugin)
[15:12:25] [main/DEBUG] [CleanMix]: Prepared 0 mixins in 0,309 sec (∞ms avg) (0ms load, 0ms transform, 0ms plugin)
[15:12:25] [main/DEBUG] [CleanMix]: Prepared 0 mixins in 0,310 sec (∞ms avg) (0ms load, 0ms transform, 0ms plugin)
[15:12:25] [main/DEBUG] [CleanMix]: Prepared 0 mixins in 0,310 sec (∞ms avg) (0ms load, 0ms transform, 0ms plugin)
[15:12:25] [main/DEBUG] [CleanMix]: Prepared 0 mixins in 0,310 sec (∞ms avg) (0ms load, 0ms transform, 0ms plugin)
[15:12:25] [main/DEBUG] [CleanMix]: Prepared 0 mixins in 0,310 sec (∞ms avg) (0ms load, 0ms transform, 0ms plugin)
[15:12:25] [main/DEBUG] [CleanMix]: Prepared 0 mixins in 0,310 sec (∞ms avg) (0ms load, 0ms transform, 0ms plugin)
[15:12:25] [main/DEBUG] [CleanMix]: Prepared 0 mixins in 0,310 sec (∞ms avg) (0ms load, 0ms transform, 0ms plugin)
[15:12:25] [main/DEBUG] [CleanMix]: Prepared 0 mixins in 0,310 sec (∞ms avg) (0ms load, 0ms transform, 0ms plugin)
[15:12:25] [main/DEBUG] [CleanMix]: Prepared 0 mixins in 0,311 sec (∞ms avg) (0ms load, 0ms transform, 0ms plugin)
[15:12:25] [main/DEBUG] [CleanMix]: Prepared 0 mixins in 0,311 sec (∞ms avg) (0ms load, 0ms transform, 0ms plugin)
[15:12:25] [main/DEBUG] [CleanMix]: Prepared 0 mixins in 0,311 sec (∞ms avg) (0ms load, 0ms transform, 0ms plugin)
[15:12:25] [main/DEBUG] [CleanMix]: Prepared 0 mixins in 0,311 sec (∞ms avg) (0ms load, 0ms transform, 0ms plugin)
[15:12:25] [main/DEBUG] [CleanMix]: Prepared 0 mixins in 0,313 sec (∞ms avg) (0ms load, 0ms transform, 0ms plugin)
[15:12:25] [main/DEBUG] [CleanMix]: Prepared 0 mixins in 0,313 sec (∞ms avg) (0ms load, 0ms transform, 0ms plugin)
[15:12:25] [main/DEBUG] [CleanMix]: Prepared 0 mixins in 0,313 sec (∞ms avg) (0ms load, 0ms transform, 0ms plugin)
[15:12:25] [main/DEBUG] [CleanMix]: Prepared 0 mixins in 0,313 sec (∞ms avg) (0ms load, 0ms transform, 0ms plugin)
[15:12:25] [main/DEBUG] [CleanMix]: Prepared 0 mixins in 0,313 sec (∞ms avg) (0ms load, 0ms transform, 0ms plugin)
[15:12:25] [main/DEBUG] [CleanMix]: Prepared 0 mixins in 0,313 sec (∞ms avg) (0ms load, 0ms transform, 0ms plugin)
[15:12:25] [main/DEBUG] [CleanMix]: Prepared 0 mixins in 0,313 sec (∞ms avg) (0ms load, 0ms transform, 0ms plugin)
[15:12:25] [main/DEBUG] [CleanMix]: Prepared 0 mixins in 0,313 sec (∞ms avg) (0ms load, 0ms transform, 0ms plugin)
[15:12:25] [main/DEBUG] [CleanMix]: Prepared 0 mixins in 0,313 sec (∞ms avg) (0ms load, 0ms transform, 0ms plugin)
[15:12:25] [main/DEBUG] [CleanMix]: Prepared 0 mixins in 0,313 sec (∞ms avg) (0ms load, 0ms transform, 0ms plugin)
[15:12:25] [main/DEBUG] [CleanMix]: Prepared 0 mixins in 0,313 sec (∞ms avg) (0ms load, 0ms transform, 0ms plugin)
[15:12:25] [main/DEBUG] [CleanMix]: Prepared 0 mixins in 0,313 sec (∞ms avg) (0ms load, 0ms transform, 0ms plugin)
[15:12:25] [main/DEBUG] [CleanMix]: Prepared 0 mixins in 0,313 sec (∞ms avg) (0ms load, 0ms transform, 0ms plugin)
[15:12:25] [main/DEBUG] [CleanMix]: Prepared 0 mixins in 0,313 sec (∞ms avg) (0ms load, 0ms transform, 0ms plugin)
[15:12:25] [main/DEBUG] [CleanMix]: Prepared 0 mixins in 0,313 sec (∞ms avg) (0ms load, 0ms transform, 0ms plugin)
[15:12:25] [main/DEBUG] [CleanMix]: Prepared 0 mixins in 0,313 sec (∞ms avg) (0ms load, 0ms transform, 0ms plugin)
[15:12:25] [main/DEBUG] [CleanMix]: Prepared 0 mixins in 0,313 sec (∞ms avg) (0ms load, 0ms transform, 0ms plugin)
[15:12:25] [main/DEBUG] [CleanMix]: Prepared 0 mixins in 0,313 sec (∞ms avg) (0ms load, 0ms transform, 0ms plugin)
[15:12:25] [main/DEBUG] [CleanMix]: Prepared 0 mixins in 0,313 sec (∞ms avg) (0ms load, 0ms transform, 0ms plugin)
[15:12:25] [main/DEBUG] [CleanMix]: Prepared 0 mixins in 0,313 sec (∞ms avg) (0ms load, 0ms transform, 0ms plugin)
[15:12:25] [main/DEBUG] [CleanMix]: Prepared 0 mixins in 0,313 sec (∞ms avg) (0ms load, 0ms transform, 0ms plugin)
[15:12:25] [main/DEBUG] [CleanMix]: Prepared 0 mixins in 0,313 sec (∞ms avg) (0ms load, 0ms transform, 0ms plugin)
[15:12:25] [main/DEBUG] [CleanMix]: Prepared 0 mixins in 0,313 sec (∞ms avg) (0ms load, 0ms transform, 0ms plugin)
[15:12:25] [main/DEBUG] [CleanMix]: Prepared 0 mixins in 0,313 sec (∞ms avg) (0ms load, 0ms transform, 0ms plugin)
[15:12:25] [main/DEBUG] [CleanMix]: Prepared 0 mixins in 0,313 sec (∞ms avg) (0ms load, 0ms transform, 0ms plugin)
[15:12:25] [main/DEBUG] [CleanMix]: Prepared 0 mixins in 0,313 sec (∞ms avg) (0ms load, 0ms transform, 0ms plugin)
[15:12:25] [main/DEBUG] [CleanMix]: Prepared 0 mixins in 0,313 sec (∞ms avg) (0ms load, 0ms transform, 0ms plugin)
[15:12:25] [main/DEBUG] [CleanMix]: Prepared 0 mixins in 0,313 sec (∞ms avg) (0ms load, 0ms transform, 0ms plugin)
[15:12:25] [main/DEBUG] [CleanMix]: Prepared 0 mixins in 0,313 sec (∞ms avg) (0ms load, 0ms transform, 0ms plugin)
[15:12:25] [main/DEBUG] [CleanMix]: Prepared 0 mixins in 0,313 sec (∞ms avg) (0ms load, 0ms transform, 0ms plugin)
[15:12:25] [main/DEBUG] [CleanMix]: Prepared 0 mixins in 0,313 sec (∞ms avg) (0ms load, 0ms transform, 0ms plugin)
[15:12:25] [main/DEBUG] [CleanMix]: Prepared 0 mixins in 0,313 sec (∞ms avg) (0ms load, 0ms transform, 0ms plugin)
[15:12:25] [main/DEBUG] [CleanMix]: Prepared 0 mixins in 0,313 sec (∞ms avg) (0ms load, 0ms transform, 0ms plugin)
[15:12:25] [main/DEBUG] [CleanMix]: Prepared 0 mixins in 0,313 sec (∞ms avg) (0ms load, 0ms transform, 0ms plugin)
[15:12:25] [main/DEBUG] [CleanMix]: Prepared 0 mixins in 0,313 sec (∞ms avg) (0ms load, 0ms transform, 0ms plugin)
[15:12:25] [main/DEBUG] [CleanMix]: Prepared 0 mixins in 0,313 sec (∞ms avg) (0ms load, 0ms transform, 0ms plugin)
[15:12:25] [main/DEBUG] [CleanMix]: Prepared 0 mixins in 0,313 sec (∞ms avg) (0ms load, 0ms transform, 0ms plugin)
[15:12:25] [main/DEBUG] [CleanMix]: Prepared 0 mixins in 0,313 sec (∞ms avg) (0ms load, 0ms transform, 0ms plugin)
[15:12:25] [main/DEBUG] [CleanMix]: Prepared 0 mixins in 0,313 sec (∞ms avg) (0ms load, 0ms transform, 0ms plugin)
[15:12:25] [main/DEBUG] [CleanMix]: Prepared 0 mixins in 0,313 sec (∞ms avg) (0ms load, 0ms transform, 0ms plugin)
[15:12:25] [main/DEBUG] [CleanMix]: Prepared 0 mixins in 0,313 sec (∞ms avg) (0ms load, 0ms transform, 0ms plugin)
[15:12:25] [main/DEBUG] [CleanMix]: Prepared 0 mixins in 0,313 sec (∞ms avg) (0ms load, 0ms transform, 0ms plugin)
[15:12:25] [main/DEBUG] [CleanMix]: Prepared 0 mixins in 0,313 sec (∞ms avg) (0ms load, 0ms transform, 0ms plugin)
[15:12:25] [main/DEBUG] [CleanMix]: Prepared 0 mixins in 0,313 sec (∞ms avg) (0ms load, 0ms transform, 0ms plugin)
[15:12:25] [main/DEBUG] [CleanMix]: Prepared 0 mixins in 0,314 sec (∞ms avg) (0ms load, 0ms transform, 0ms plugin)
[15:12:25] [main/DEBUG] [CleanMix]: Prepared 0 mixins in 0,314 sec (∞ms avg) (0ms load, 0ms transform, 0ms plugin)
[15:12:25] [main/DEBUG] [CleanMix]: Prepared 0 mixins in 0,314 sec (∞ms avg) (0ms load, 0ms transform, 0ms plugin)
[15:12:25] [main/DEBUG] [CleanMix]: Prepared 0 mixins in 0,314 sec (∞ms avg) (0ms load, 0ms transform, 0ms plugin)
[15:12:25] [main/DEBUG] [CleanMix]: Prepared 0 mixins in 0,314 sec (∞ms avg) (0ms load, 0ms transform, 0ms plugin)
[15:12:25] [main/DEBUG] [CleanMix]: Registering new injector for @SugarWrapper with com.llamalad7.mixinextras.sugar.impl.SugarWrapperInjectionInfo
[15:12:25] [main/DEBUG] [CleanMix]: Registering new injector for @FactoryRedirectWrapper with com.llamalad7.mixinextras.wrapper.factory.FactoryRedirectWrapperInjectionInfo
[15:12:25] [main/DEBUG] [CleanMix]: Registering new injector for @ExpressionInjectorWrapper with com.llamalad7.mixinextras.expression.impl.wrapper.ExpressionInjectorWrapperInjectionInfo
[15:12:25] [main/DEBUG] [CleanMix]: Mixing ASMModParserMixin from mixin.mixinbooter.init.json into net.minecraftforge.fml.common.discovery.asm.ASMModParser
[15:12:25] [main/INFO] [MixinBooter/Audit]: APPLY mixin.mixinbooter.init.json:ASMModParserMixin from mod mixinbooter -> net.minecraftforge.fml.common.discovery.asm.ASMModParser
[15:12:25] [main/DEBUG] [CleanMix]: Prepared 0 mixins in 0,314 sec (∞ms avg) (0ms load, 0ms transform, 0ms plugin)
[15:12:25] [main/DEBUG] [CleanMix]: Prepared 0 mixins in 0,315 sec (∞ms avg) (0ms load, 0ms transform, 0ms plugin)
[15:12:25] [main/DEBUG] [CleanMix]: Prepared 0 mixins in 0,315 sec (∞ms avg) (0ms load, 0ms transform, 0ms plugin)
[15:12:25] [main/DEBUG] [CleanMix]: Prepared 0 mixins in 0,315 sec (∞ms avg) (0ms load, 0ms transform, 0ms plugin)
[15:12:25] [main/DEBUG] [CleanMix]: Prepared 0 mixins in 0,315 sec (∞ms avg) (0ms load, 0ms transform, 0ms plugin)
[15:12:25] [main/DEBUG] [CleanMix]: Prepared 0 mixins in 0,315 sec (∞ms avg) (0ms load, 0ms transform, 0ms plugin)
[15:12:25] [main/DEBUG] [CleanMix]: Prepared 0 mixins in 0,315 sec (∞ms avg) (0ms load, 0ms transform, 0ms plugin)
[15:12:25] [main/DEBUG] [CleanMix]: Prepared 0 mixins in 0,316 sec (∞ms avg) (0ms load, 0ms transform, 0ms plugin)
[15:12:25] [main/DEBUG] [CleanMix]: Prepared 0 mixins in 0,316 sec (∞ms avg) (0ms load, 0ms transform, 0ms plugin)
[15:12:25] [main/DEBUG] [CleanMix]: Prepared 0 mixins in 0,316 sec (∞ms avg) (0ms load, 0ms transform, 0ms plugin)
[15:12:25] [main/DEBUG] [CleanMix]: Prepared 0 mixins in 0,316 sec (∞ms avg) (0ms load, 0ms transform, 0ms plugin)
[15:12:25] [main/DEBUG] [CleanMix]: Prepared 0 mixins in 0,316 sec (∞ms avg) (0ms load, 0ms transform, 0ms plugin)
[15:12:25] [main/DEBUG] [CleanMix]: Prepared 0 mixins in 0,317 sec (∞ms avg) (0ms load, 0ms transform, 0ms plugin)
[15:12:25] [main/DEBUG] [CleanMix]: Prepared 0 mixins in 0,317 sec (∞ms avg) (0ms load, 0ms transform, 0ms plugin)
[15:12:25] [main/DEBUG] [CleanMix]: Prepared 0 mixins in 0,317 sec (∞ms avg) (0ms load, 0ms transform, 0ms plugin)
[15:12:25] [main/DEBUG] [CleanMix]: Prepared 0 mixins in 0,317 sec (∞ms avg) (0ms load, 0ms transform, 0ms plugin)
[15:12:25] [main/DEBUG] [CleanMix]: Prepared 0 mixins in 0,317 sec (∞ms avg) (0ms load, 0ms transform, 0ms plugin)
[15:12:25] [main/DEBUG] [CleanMix]: Prepared 0 mixins in 0,317 sec (∞ms avg) (0ms load, 0ms transform, 0ms plugin)
[15:12:25] [main/DEBUG] [CleanMix]: Prepared 0 mixins in 0,318 sec (∞ms avg) (0ms load, 0ms transform, 0ms plugin)
[15:12:25] [main/DEBUG] [CleanMix]: Prepared 0 mixins in 0,318 sec (∞ms avg) (0ms load, 0ms transform, 0ms plugin)
[15:12:25] [main/DEBUG] [CleanMix]: Prepared 0 mixins in 0,318 sec (∞ms avg) (0ms load, 0ms transform, 0ms plugin)
[15:12:25] [main/DEBUG] [CleanMix]: Prepared 0 mixins in 0,318 sec (∞ms avg) (0ms load, 0ms transform, 0ms plugin)
[15:12:25] [main/DEBUG] [CleanMix]: Prepared 0 mixins in 0,318 sec (∞ms avg) (0ms load, 0ms transform, 0ms plugin)
[15:12:25] [main/DEBUG] [CleanMix]: Prepared 0 mixins in 0,318 sec (∞ms avg) (0ms load, 0ms transform, 0ms plugin)
[15:12:26] [main/DEBUG] [CleanMix]: Prepared 0 mixins in 0,318 sec (∞ms avg) (0ms load, 0ms transform, 0ms plugin)
[15:12:26] [main/DEBUG] [CleanMix]: Prepared 0 mixins in 0,318 sec (∞ms avg) (0ms load, 0ms transform, 0ms plugin)
[15:12:26] [main/DEBUG] [CleanMix]: Prepared 0 mixins in 0,318 sec (∞ms avg) (0ms load, 0ms transform, 0ms plugin)
[15:12:26] [main/DEBUG] [CleanMix]: Prepared 0 mixins in 0,318 sec (∞ms avg) (0ms load, 0ms transform, 0ms plugin)
[15:12:26] [main/DEBUG] [CleanMix]: Prepared 0 mixins in 0,318 sec (∞ms avg) (0ms load, 0ms transform, 0ms plugin)
[15:12:26] [main/DEBUG] [CleanMix]: Prepared 0 mixins in 0,318 sec (∞ms avg) (0ms load, 0ms transform, 0ms plugin)
[15:12:26] [main/DEBUG] [CleanMix]: Prepared 0 mixins in 0,318 sec (∞ms avg) (0ms load, 0ms transform, 0ms plugin)
[15:12:26] [main/DEBUG] [CleanMix]: Prepared 0 mixins in 0,319 sec (∞ms avg) (0ms load, 0ms transform, 0ms plugin)
[15:12:26] [main/DEBUG] [CleanMix]: Prepared 0 mixins in 0,319 sec (∞ms avg) (0ms load, 0ms transform, 0ms plugin)
[15:12:26] [main/DEBUG] [CleanMix]: Prepared 0 mixins in 0,319 sec (∞ms avg) (0ms load, 0ms transform, 0ms plugin)
[15:12:26] [main/DEBUG] [CleanMix]: Prepared 0 mixins in 0,319 sec (∞ms avg) (0ms load, 0ms transform, 0ms plugin)
[15:12:26] [main/DEBUG] [CleanMix]: Prepared 0 mixins in 0,319 sec (∞ms avg) (0ms load, 0ms transform, 0ms plugin)
[15:12:26] [main/DEBUG] [CleanMix]: Prepared 0 mixins in 0,319 sec (∞ms avg) (0ms load, 0ms transform, 0ms plugin)
[15:12:26] [main/DEBUG] [CleanMix]: Prepared 0 mixins in 0,319 sec (∞ms avg) (0ms load, 0ms transform, 0ms plugin)
[15:12:26] [main/DEBUG] [CleanMix]: Prepared 0 mixins in 0,319 sec (∞ms avg) (0ms load, 0ms transform, 0ms plugin)
[15:12:26] [main/DEBUG] [CleanMix]: Prepared 0 mixins in 0,319 sec (∞ms avg) (0ms load, 0ms transform, 0ms plugin)
[15:12:26] [main/DEBUG] [CleanMix]: Prepared 0 mixins in 0,319 sec (∞ms avg) (0ms load, 0ms transform, 0ms plugin)
[15:12:26] [main/DEBUG] [CleanMix]: Prepared 0 mixins in 0,319 sec (∞ms avg) (0ms load, 0ms transform, 0ms plugin)
[15:12:26] [main/DEBUG] [CleanMix]: Prepared 0 mixins in 0,319 sec (∞ms avg) (0ms load, 0ms transform, 0ms plugin)
[15:12:26] [main/DEBUG] [CleanMix]: Prepared 0 mixins in 0,319 sec (∞ms avg) (0ms load, 0ms transform, 0ms plugin)
[15:12:26] [main/DEBUG] [CleanMix]: Prepared 0 mixins in 0,319 sec (∞ms avg) (0ms load, 0ms transform, 0ms plugin)
[15:12:26] [main/DEBUG] [CleanMix]: Prepared 0 mixins in 0,319 sec (∞ms avg) (0ms load, 0ms transform, 0ms plugin)
[15:12:26] [main/DEBUG] [CleanMix]: Prepared 0 mixins in 0,319 sec (∞ms avg) (0ms load, 0ms transform, 0ms plugin)
[15:12:26] [main/DEBUG] [CleanMix]: Prepared 0 mixins in 0,320 sec (∞ms avg) (0ms load, 0ms transform, 0ms plugin)
[15:12:26] [main/DEBUG] [CleanMix]: Prepared 0 mixins in 0,320 sec (∞ms avg) (0ms load, 0ms transform, 0ms plugin)
[15:12:26] [main/DEBUG] [CleanMix]: Prepared 0 mixins in 0,320 sec (∞ms avg) (0ms load, 0ms transform, 0ms plugin)
[15:12:26] [main/DEBUG] [CleanMix]: Prepared 0 mixins in 0,320 sec (∞ms avg) (0ms load, 0ms transform, 0ms plugin)
[15:12:26] [main/DEBUG] [CleanMix]: Prepared 0 mixins in 0,320 sec (∞ms avg) (0ms load, 0ms transform, 0ms plugin)
[15:12:26] [main/DEBUG] [CleanMix]: Prepared 0 mixins in 0,320 sec (∞ms avg) (0ms load, 0ms transform, 0ms plugin)
[15:12:26] [main/DEBUG] [CleanMix]: Prepared 0 mixins in 0,320 sec (∞ms avg) (0ms load, 0ms transform, 0ms plugin)
[15:12:26] [main/DEBUG] [CleanMix]: Prepared 0 mixins in 0,320 sec (∞ms avg) (0ms load, 0ms transform, 0ms plugin)
[15:12:26] [main/DEBUG] [CleanMix]: Prepared 0 mixins in 0,320 sec (∞ms avg) (0ms load, 0ms transform, 0ms plugin)
[15:12:26] [main/DEBUG] [CleanMix]: Prepared 0 mixins in 0,320 sec (∞ms avg) (0ms load, 0ms transform, 0ms plugin)
[15:12:26] [main/DEBUG] [CleanMix]: Prepared 0 mixins in 0,320 sec (∞ms avg) (0ms load, 0ms transform, 0ms plugin)
[15:12:26] [main/DEBUG] [CleanMix]: Prepared 0 mixins in 0,320 sec (∞ms avg) (0ms load, 0ms transform, 0ms plugin)
[15:12:26] [main/DEBUG] [CleanMix]: Prepared 0 mixins in 0,320 sec (∞ms avg) (0ms load, 0ms transform, 0ms plugin)
[15:12:26] [main/DEBUG] [CleanMix]: Prepared 0 mixins in 0,320 sec (∞ms avg) (0ms load, 0ms transform, 0ms plugin)
[15:12:26] [main/DEBUG] [CleanMix]: Prepared 0 mixins in 0,320 sec (∞ms avg) (0ms load, 0ms transform, 0ms plugin)
[15:12:26] [main/DEBUG] [CleanMix]: Prepared 0 mixins in 0,320 sec (∞ms avg) (0ms load, 0ms transform, 0ms plugin)
[15:12:26] [main/DEBUG] [CleanMix]: Prepared 0 mixins in 0,320 sec (∞ms avg) (0ms load, 0ms transform, 0ms plugin)
[15:12:26] [main/DEBUG] [CleanMix]: Prepared 0 mixins in 0,320 sec (∞ms avg) (0ms load, 0ms transform, 0ms plugin)
[15:12:26] [main/DEBUG] [CleanMix]: Prepared 0 mixins in 0,320 sec (∞ms avg) (0ms load, 0ms transform, 0ms plugin)
[15:12:26] [main/DEBUG] [CleanMix]: Prepared 0 mixins in 0,320 sec (∞ms avg) (0ms load, 0ms transform, 0ms plugin)
[15:12:26] [main/DEBUG] [CleanMix]: Prepared 0 mixins in 0,320 sec (∞ms avg) (0ms load, 0ms transform, 0ms plugin)
[15:12:26] [main/DEBUG] [CleanMix]: Prepared 0 mixins in 0,320 sec (∞ms avg) (0ms load, 0ms transform, 0ms plugin)
[15:12:26] [main/DEBUG] [CleanMix]: Prepared 0 mixins in 0,320 sec (∞ms avg) (0ms load, 0ms transform, 0ms plugin)
[15:12:26] [main/DEBUG] [CleanMix]: Prepared 0 mixins in 0,320 sec (∞ms avg) (0ms load, 0ms transform, 0ms plugin)
[15:12:26] [main/DEBUG] [CleanMix]: Prepared 0 mixins in 0,320 sec (∞ms avg) (0ms load, 0ms transform, 0ms plugin)
[15:12:26] [main/DEBUG] [CleanMix]: Prepared 0 mixins in 0,320 sec (∞ms avg) (0ms load, 0ms transform, 0ms plugin)
[15:12:26] [main/DEBUG] [CleanMix]: Prepared 0 mixins in 0,320 sec (∞ms avg) (0ms load, 0ms transform, 0ms plugin)
[15:12:26] [main/DEBUG] [CleanMix]: Prepared 0 mixins in 0,320 sec (∞ms avg) (0ms load, 0ms transform, 0ms plugin)
[15:12:26] [main/DEBUG] [CleanMix]: Prepared 0 mixins in 0,320 sec (∞ms avg) (0ms load, 0ms transform, 0ms plugin)
[15:12:26] [main/DEBUG] [CleanMix]: Prepared 0 mixins in 0,320 sec (∞ms avg) (0ms load, 0ms transform, 0ms plugin)
[15:12:26] [main/DEBUG] [CleanMix]: Prepared 0 mixins in 0,320 sec (∞ms avg) (0ms load, 0ms transform, 0ms plugin)
[15:12:26] [main/DEBUG] [CleanMix]: Prepared 0 mixins in 0,320 sec (∞ms avg) (0ms load, 0ms transform, 0ms plugin)
[15:12:26] [main/DEBUG] [CleanMix]: Prepared 0 mixins in 0,320 sec (∞ms avg) (0ms load, 0ms transform, 0ms plugin)
[15:12:26] [main/DEBUG] [CleanMix]: Prepared 0 mixins in 0,320 sec (∞ms avg) (0ms load, 0ms transform, 0ms plugin)
[15:12:26] [main/DEBUG] [CleanMix]: Prepared 0 mixins in 0,320 sec (∞ms avg) (0ms load, 0ms transform, 0ms plugin)
[15:12:26] [main/DEBUG] [CleanMix]: Prepared 0 mixins in 0,320 sec (∞ms avg) (0ms load, 0ms transform, 0ms plugin)
[15:12:26] [main/DEBUG] [CleanMix]: Prepared 0 mixins in 0,320 sec (∞ms avg) (0ms load, 0ms transform, 0ms plugin)
[15:12:26] [main/DEBUG] [CleanMix]: Prepared 0 mixins in 0,320 sec (∞ms avg) (0ms load, 0ms transform, 0ms plugin)
[15:12:26] [main/DEBUG] [CleanMix]: Prepared 0 mixins in 0,320 sec (∞ms avg) (0ms load, 0ms transform, 0ms plugin)
[15:12:26] [main/DEBUG] [CleanMix]: Preparing config mixins.vintagefix.init.json
[15:12:26] [main/DEBUG] [CleanMix]: Preparing mixins.vintagefix.init.json (0)
[15:12:26] [main/DEBUG] [CleanMix]: Prepared 0 mixins in 0,649 sec (∞ms avg) (0ms load, 0ms transform, 0ms plugin)
[15:12:27] [main/DEBUG] [CleanMix]: Prepared 0 mixins in 0,649 sec (∞ms avg) (0ms load, 0ms transform, 0ms plugin)
[15:12:27] [main/DEBUG] [CleanMix]: Prepared 0 mixins in 0,649 sec (∞ms avg) (0ms load, 0ms transform, 0ms plugin)
[15:12:27] [main/DEBUG] [CleanMix]: Prepared 0 mixins in 0,649 sec (∞ms avg) (0ms load, 0ms transform, 0ms plugin)
[15:12:27] [main/DEBUG] [CleanMix]: Prepared 0 mixins in 0,649 sec (∞ms avg) (0ms load, 0ms transform, 0ms plugin)
[15:12:27] [main/DEBUG] [CleanMix]: Prepared 0 mixins in 0,649 sec (∞ms avg) (0ms load, 0ms transform, 0ms plugin)
[15:12:27] [main/DEBUG] [CleanMix]: Prepared 0 mixins in 0,649 sec (∞ms avg) (0ms load, 0ms transform, 0ms plugin)
[15:12:27] [main/DEBUG] [CleanMix]: Prepared 0 mixins in 0,649 sec (∞ms avg) (0ms load, 0ms transform, 0ms plugin)
[15:12:27] [main/DEBUG] [CleanMix]: Prepared 0 mixins in 0,649 sec (∞ms avg) (0ms load, 0ms transform, 0ms plugin)
[15:12:27] [main/DEBUG] [CleanMix]: Prepared 0 mixins in 0,649 sec (∞ms avg) (0ms load, 0ms transform, 0ms plugin)
[15:12:27] [main/DEBUG] [CleanMix]: Prepared 0 mixins in 0,649 sec (∞ms avg) (0ms load, 0ms transform, 0ms plugin)
[15:12:27] [main/DEBUG] [CleanMix]: Prepared 0 mixins in 0,649 sec (∞ms avg) (0ms load, 0ms transform, 0ms plugin)
[15:12:27] [main/DEBUG] [CleanMix]: Prepared 0 mixins in 0,649 sec (∞ms avg) (0ms load, 0ms transform, 0ms plugin)
[15:12:27] [main/DEBUG] [CleanMix]: Prepared 0 mixins in 0,649 sec (∞ms avg) (0ms load, 0ms transform, 0ms plugin)
[15:12:27] [main/DEBUG] [CleanMix]: Prepared 0 mixins in 0,649 sec (∞ms avg) (0ms load, 0ms transform, 0ms plugin)
[15:12:27] [main/DEBUG] [CleanMix]: Prepared 0 mixins in 0,649 sec (∞ms avg) (0ms load, 0ms transform, 0ms plugin)
[15:12:27] [main/DEBUG] [CleanMix]: Prepared 0 mixins in 0,649 sec (∞ms avg) (0ms load, 0ms transform, 0ms plugin)
[15:12:27] [main/DEBUG] [CleanMix]: Prepared 0 mixins in 0,649 sec (∞ms avg) (0ms load, 0ms transform, 0ms plugin)
[15:12:27] [main/DEBUG] [CleanMix]: Prepared 0 mixins in 0,649 sec (∞ms avg) (0ms load, 0ms transform, 0ms plugin)
[15:12:27] [main/DEBUG] [CleanMix]: Prepared 0 mixins in 0,649 sec (∞ms avg) (0ms load, 0ms transform, 0ms plugin)
[15:12:27] [main/DEBUG] [CleanMix]: Prepared 0 mixins in 0,649 sec (∞ms avg) (0ms load, 0ms transform, 0ms plugin)
[15:12:27] [main/DEBUG] [CleanMix]: Prepared 0 mixins in 0,649 sec (∞ms avg) (0ms load, 0ms transform, 0ms plugin)
[15:12:27] [main/DEBUG] [CleanMix]: Prepared 0 mixins in 0,649 sec (∞ms avg) (0ms load, 0ms transform, 0ms plugin)
[15:12:27] [main/DEBUG] [CleanMix]: Prepared 0 mixins in 0,649 sec (∞ms avg) (0ms load, 0ms transform, 0ms plugin)
[15:12:27] [main/DEBUG] [CleanMix]: Prepared 0 mixins in 0,649 sec (∞ms avg) (0ms load, 0ms transform, 0ms plugin)
[15:12:27] [main/DEBUG] [CleanMix]: Prepared 0 mixins in 0,649 sec (∞ms avg) (0ms load, 0ms transform, 0ms plugin)
[15:12:27] [main/DEBUG] [CleanMix]: Prepared 0 mixins in 0,649 sec (∞ms avg) (0ms load, 0ms transform, 0ms plugin)
[15:12:27] [main/DEBUG] [CleanMix]: Prepared 0 mixins in 0,649 sec (∞ms avg) (0ms load, 0ms transform, 0ms plugin)
[15:12:27] [main/DEBUG] [CleanMix]: Prepared 0 mixins in 0,649 sec (∞ms avg) (0ms load, 0ms transform, 0ms plugin)
[15:12:27] [main/DEBUG] [CleanMix]: Prepared 0 mixins in 0,649 sec (∞ms avg) (0ms load, 0ms transform, 0ms plugin)
[15:12:27] [main/DEBUG] [CleanMix]: Prepared 0 mixins in 0,649 sec (∞ms avg) (0ms load, 0ms transform, 0ms plugin)
[15:12:27] [main/DEBUG] [CleanMix]: Prepared 0 mixins in 0,649 sec (∞ms avg) (0ms load, 0ms transform, 0ms plugin)
[15:12:27] [main/DEBUG] [CleanMix]: Prepared 0 mixins in 0,649 sec (∞ms avg) (0ms load, 0ms transform, 0ms plugin)
[15:12:27] [main/DEBUG] [CleanMix]: Prepared 0 mixins in 0,649 sec (∞ms avg) (0ms load, 0ms transform, 0ms plugin)
[15:12:27] [main/DEBUG] [CleanMix]: Prepared 0 mixins in 0,649 sec (∞ms avg) (0ms load, 0ms transform, 0ms plugin)
[15:12:27] [main/DEBUG] [CleanMix]: Prepared 0 mixins in 0,649 sec (∞ms avg) (0ms load, 0ms transform, 0ms plugin)
[15:12:27] [main/DEBUG] [CleanMix]: Prepared 0 mixins in 0,652 sec (∞ms avg) (0ms load, 0ms transform, 0ms plugin)
[15:12:27] [main/DEBUG] [CleanMix]: Prepared 0 mixins in 0,652 sec (∞ms avg) (0ms load, 0ms transform, 0ms plugin)
[15:12:27] [main/DEBUG] [CleanMix]: Prepared 0 mixins in 0,652 sec (∞ms avg) (0ms load, 0ms transform, 0ms plugin)
[15:12:27] [main/DEBUG] [CleanMix]: Prepared 0 mixins in 0,652 sec (∞ms avg) (0ms load, 0ms transform, 0ms plugin)
[15:12:27] [main/DEBUG] [CleanMix]: Prepared 0 mixins in 0,652 sec (∞ms avg) (0ms load, 0ms transform, 0ms plugin)
[15:12:27] [main/DEBUG] [CleanMix]: Prepared 0 mixins in 0,653 sec (∞ms avg) (0ms load, 0ms transform, 0ms plugin)
[15:12:27] [main/DEBUG] [CleanMix]: Prepared 0 mixins in 0,653 sec (∞ms avg) (0ms load, 0ms transform, 0ms plugin)
[15:12:27] [main/DEBUG] [CleanMix]: Prepared 0 mixins in 0,653 sec (∞ms avg) (0ms load, 0ms transform, 0ms plugin)
[15:12:27] [main/DEBUG] [CleanMix]: Prepared 0 mixins in 0,653 sec (∞ms avg) (0ms load, 0ms transform, 0ms plugin)
[15:12:27] [main/DEBUG] [CleanMix]: Prepared 0 mixins in 0,653 sec (∞ms avg) (0ms load, 0ms transform, 0ms plugin)
[15:12:27] [main/DEBUG] [CleanMix]: Prepared 0 mixins in 0,653 sec (∞ms avg) (0ms load, 0ms transform, 0ms plugin)
[15:12:27] [main/DEBUG] [CleanMix]: Prepared 0 mixins in 0,653 sec (∞ms avg) (0ms load, 0ms transform, 0ms plugin)
[15:12:27] [main/DEBUG] [CleanMix]: Prepared 0 mixins in 0,653 sec (∞ms avg) (0ms load, 0ms transform, 0ms plugin)
[15:12:27] [main/DEBUG] [CleanMix]: Prepared 0 mixins in 0,653 sec (∞ms avg) (0ms load, 0ms transform, 0ms plugin)
[15:12:27] [main/DEBUG] [CleanMix]: Prepared 0 mixins in 0,653 sec (∞ms avg) (0ms load, 0ms transform, 0ms plugin)
[15:12:27] [main/DEBUG] [CleanMix]: Prepared 0 mixins in 0,653 sec (∞ms avg) (0ms load, 0ms transform, 0ms plugin)
[15:12:27] [main/DEBUG] [CleanMix]: Prepared 0 mixins in 0,653 sec (∞ms avg) (0ms load, 0ms transform, 0ms plugin)
[15:12:27] [main/DEBUG] [CleanMix]: Prepared 0 mixins in 0,653 sec (∞ms avg) (0ms load, 0ms transform, 0ms plugin)
[15:12:27] [main/DEBUG] [CleanMix]: Prepared 0 mixins in 0,653 sec (∞ms avg) (0ms load, 0ms transform, 0ms plugin)
[15:12:27] [main/DEBUG] [CleanMix]: Prepared 0 mixins in 0,653 sec (∞ms avg) (0ms load, 0ms transform, 0ms plugin)
[15:12:27] [main/DEBUG] [CleanMix]: Prepared 0 mixins in 0,653 sec (∞ms avg) (0ms load, 0ms transform, 0ms plugin)
[15:12:27] [main/DEBUG] [CleanMix]: Prepared 0 mixins in 0,653 sec (∞ms avg) (0ms load, 0ms transform, 0ms plugin)
[15:12:27] [main/DEBUG] [CleanMix]: Prepared 0 mixins in 0,653 sec (∞ms avg) (0ms load, 0ms transform, 0ms plugin)
[15:12:27] [main/DEBUG] [CleanMix]: Prepared 0 mixins in 0,653 sec (∞ms avg) (0ms load, 0ms transform, 0ms plugin)
[15:12:27] [main/DEBUG] [CleanMix]: Prepared 0 mixins in 0,653 sec (∞ms avg) (0ms load, 0ms transform, 0ms plugin)
[15:12:27] [main/DEBUG] [CleanMix]: Prepared 0 mixins in 0,653 sec (∞ms avg) (0ms load, 0ms transform, 0ms plugin)
[15:12:27] [main/DEBUG] [CleanMix]: Prepared 0 mixins in 0,653 sec (∞ms avg) (0ms load, 0ms transform, 0ms plugin)
[15:12:27] [main/DEBUG] [CleanMix]: Prepared 0 mixins in 0,653 sec (∞ms avg) (0ms load, 0ms transform, 0ms plugin)
[15:12:27] [main/DEBUG] [CleanMix]: Prepared 0 mixins in 0,653 sec (∞ms avg) (0ms load, 0ms transform, 0ms plugin)
[15:12:27] [main/DEBUG] [CleanMix]: Prepared 0 mixins in 0,653 sec (∞ms avg) (0ms load, 0ms transform, 0ms plugin)
[15:12:27] [main/DEBUG] [CleanMix]: Prepared 0 mixins in 0,653 sec (∞ms avg) (0ms load, 0ms transform, 0ms plugin)
[15:12:27] [main/DEBUG] [CleanMix]: Prepared 0 mixins in 0,653 sec (∞ms avg) (0ms load, 0ms transform, 0ms plugin)
[15:12:27] [main/DEBUG] [CleanMix]: Prepared 0 mixins in 0,653 sec (∞ms avg) (0ms load, 0ms transform, 0ms plugin)
[15:12:27] [main/DEBUG] [CleanMix]: Prepared 0 mixins in 0,653 sec (∞ms avg) (0ms load, 0ms transform, 0ms plugin)
[15:12:27] [main/DEBUG] [CleanMix]: Prepared 0 mixins in 0,653 sec (∞ms avg) (0ms load, 0ms transform, 0ms plugin)
[15:12:27] [main/DEBUG] [CleanMix]: Prepared 0 mixins in 0,653 sec (∞ms avg) (0ms load, 0ms transform, 0ms plugin)
[15:12:27] [main/DEBUG] [CleanMix]: Prepared 0 mixins in 0,653 sec (∞ms avg) (0ms load, 0ms transform, 0ms plugin)
[15:12:27] [main/DEBUG] [CleanMix]: Prepared 0 mixins in 0,653 sec (∞ms avg) (0ms load, 0ms transform, 0ms plugin)
[15:12:27] [main/DEBUG] [CleanMix]: Prepared 0 mixins in 0,653 sec (∞ms avg) (0ms load, 0ms transform, 0ms plugin)
[15:12:27] [main/DEBUG] [CleanMix]: Prepared 0 mixins in 0,653 sec (∞ms avg) (0ms load, 0ms transform, 0ms plugin)
[15:12:27] [main/DEBUG] [CleanMix]: Prepared 0 mixins in 0,653 sec (∞ms avg) (0ms load, 0ms transform, 0ms plugin)
[15:12:27] [main/DEBUG] [CleanMix]: Prepared 0 mixins in 0,653 sec (∞ms avg) (0ms load, 0ms transform, 0ms plugin)
[15:12:27] [main/DEBUG] [CleanMix]: Prepared 0 mixins in 0,653 sec (∞ms avg) (0ms load, 0ms transform, 0ms plugin)
[15:12:27] [main/DEBUG] [CleanMix]: Prepared 0 mixins in 0,653 sec (∞ms avg) (0ms load, 0ms transform, 0ms plugin)
[15:12:27] [main/DEBUG] [CleanMix]: Prepared 0 mixins in 0,653 sec (∞ms avg) (0ms load, 0ms transform, 0ms plugin)
[15:12:27] [main/DEBUG] [CleanMix]: Prepared 0 mixins in 0,653 sec (∞ms avg) (0ms load, 0ms transform, 0ms plugin)
[15:12:27] [main/DEBUG] [CleanMix]: Prepared 0 mixins in 0,654 sec (∞ms avg) (0ms load, 0ms transform, 0ms plugin)
[15:12:27] [main/DEBUG] [CleanMix]: Prepared 0 mixins in 0,654 sec (∞ms avg) (0ms load, 0ms transform, 0ms plugin)
[15:12:27] [main/DEBUG] [CleanMix]: Prepared 0 mixins in 0,654 sec (∞ms avg) (0ms load, 0ms transform, 0ms plugin)
[15:12:27] [main/DEBUG] [CleanMix]: Prepared 0 mixins in 0,654 sec (∞ms avg) (0ms load, 0ms transform, 0ms plugin)
[15:12:27] [main/DEBUG] [CleanMix]: Prepared 0 mixins in 0,654 sec (∞ms avg) (0ms load, 0ms transform, 0ms plugin)
[15:12:27] [main/DEBUG] [CleanMix]: Prepared 0 mixins in 0,654 sec (∞ms avg) (0ms load, 0ms transform, 0ms plugin)
[15:12:27] [main/DEBUG] [CleanMix]: Prepared 0 mixins in 0,654 sec (∞ms avg) (0ms load, 0ms transform, 0ms plugin)
[15:12:27] [main/DEBUG] [CleanMix]: Prepared 0 mixins in 0,654 sec (∞ms avg) (0ms load, 0ms transform, 0ms plugin)
[15:12:27] [main/DEBUG] [CleanMix]: Prepared 0 mixins in 0,654 sec (∞ms avg) (0ms load, 0ms transform, 0ms plugin)
[15:12:27] [main/DEBUG] [CleanMix]: Prepared 0 mixins in 0,654 sec (∞ms avg) (0ms load, 0ms transform, 0ms plugin)
[15:12:27] [main/DEBUG] [CleanMix]: Prepared 0 mixins in 0,655 sec (∞ms avg) (0ms load, 0ms transform, 0ms plugin)
[15:12:27] [main/DEBUG] [CleanMix]: Prepared 0 mixins in 0,655 sec (∞ms avg) (0ms load, 0ms transform, 0ms plugin)
[15:12:27] [main/DEBUG] [CleanMix]: Prepared 0 mixins in 0,655 sec (∞ms avg) (0ms load, 0ms transform, 0ms plugin)
[15:12:27] [main/DEBUG] [CleanMix]: Prepared 0 mixins in 0,655 sec (∞ms avg) (0ms load, 0ms transform, 0ms plugin)
[15:12:27] [main/DEBUG] [CleanMix]: Prepared 0 mixins in 0,655 sec (∞ms avg) (0ms load, 0ms transform, 0ms plugin)
[15:12:27] [main/DEBUG] [CleanMix]: Prepared 0 mixins in 0,655 sec (∞ms avg) (0ms load, 0ms transform, 0ms plugin)
[15:12:27] [main/DEBUG] [CleanMix]: Prepared 0 mixins in 0,656 sec (∞ms avg) (0ms load, 0ms transform, 0ms plugin)
[15:12:27] [main/DEBUG] [CleanMix]: Prepared 0 mixins in 0,656 sec (∞ms avg) (0ms load, 0ms transform, 0ms plugin)
[15:12:27] [main/DEBUG] [CleanMix]: Prepared 0 mixins in 0,656 sec (∞ms avg) (0ms load, 0ms transform, 0ms plugin)
[15:12:27] [main/DEBUG] [CleanMix]: Prepared 0 mixins in 0,656 sec (∞ms avg) (0ms load, 0ms transform, 0ms plugin)
[15:12:27] [main/DEBUG] [CleanMix]: Prepared 0 mixins in 0,656 sec (∞ms avg) (0ms load, 0ms transform, 0ms plugin)
[15:12:27] [main/DEBUG] [CleanMix]: Prepared 0 mixins in 0,656 sec (∞ms avg) (0ms load, 0ms transform, 0ms plugin)
[15:12:27] [main/DEBUG] [CleanMix]: Prepared 0 mixins in 0,656 sec (∞ms avg) (0ms load, 0ms transform, 0ms plugin)
[15:12:27] [main/DEBUG] [CleanMix]: Prepared 0 mixins in 0,656 sec (∞ms avg) (0ms load, 0ms transform, 0ms plugin)
[15:12:27] [main/DEBUG] [CleanMix]: Prepared 0 mixins in 0,656 sec (∞ms avg) (0ms load, 0ms transform, 0ms plugin)
[15:12:27] [main/DEBUG] [CleanMix]: Prepared 0 mixins in 0,656 sec (∞ms avg) (0ms load, 0ms transform, 0ms plugin)
[15:12:27] [main/DEBUG] [CleanMix]: Prepared 0 mixins in 0,657 sec (∞ms avg) (0ms load, 0ms transform, 0ms plugin)
[15:12:27] [main/DEBUG] [CleanMix]: Prepared 0 mixins in 0,657 sec (∞ms avg) (0ms load, 0ms transform, 0ms plugin)
[15:12:27] [main/DEBUG] [CleanMix]: Prepared 0 mixins in 0,657 sec (∞ms avg) (0ms load, 0ms transform, 0ms plugin)
[15:12:27] [main/DEBUG] [CleanMix]: Prepared 0 mixins in 0,657 sec (∞ms avg) (0ms load, 0ms transform, 0ms plugin)
[15:12:27] [main/DEBUG] [CleanMix]: Prepared 0 mixins in 0,657 sec (∞ms avg) (0ms load, 0ms transform, 0ms plugin)
[15:12:27] [main/DEBUG] [CleanMix]: Prepared 0 mixins in 0,657 sec (∞ms avg) (0ms load, 0ms transform, 0ms plugin)
[15:12:27] [main/DEBUG] [CleanMix]: Prepared 0 mixins in 0,657 sec (∞ms avg) (0ms load, 0ms transform, 0ms plugin)
[15:12:27] [main/DEBUG] [CleanMix]: Prepared 0 mixins in 0,657 sec (∞ms avg) (0ms load, 0ms transform, 0ms plugin)
[15:12:27] [main/DEBUG] [CleanMix]: Prepared 0 mixins in 0,657 sec (∞ms avg) (0ms load, 0ms transform, 0ms plugin)
[15:12:27] [main/DEBUG] [CleanMix]: Prepared 0 mixins in 0,657 sec (∞ms avg) (0ms load, 0ms transform, 0ms plugin)
[15:12:27] [main/DEBUG] [CleanMix]: Prepared 0 mixins in 0,657 sec (∞ms avg) (0ms load, 0ms transform, 0ms plugin)
[15:12:27] [main/DEBUG] [CleanMix]: Prepared 0 mixins in 0,657 sec (∞ms avg) (0ms load, 0ms transform, 0ms plugin)
[15:12:27] [main/DEBUG] [CleanMix]: Prepared 0 mixins in 0,657 sec (∞ms avg) (0ms load, 0ms transform, 0ms plugin)
[15:12:27] [main/DEBUG] [CleanMix]: Prepared 0 mixins in 0,657 sec (∞ms avg) (0ms load, 0ms transform, 0ms plugin)
[15:12:27] [main/DEBUG] [CleanMix]: Prepared 0 mixins in 0,657 sec (∞ms avg) (0ms load, 0ms transform, 0ms plugin)
[15:12:27] [main/DEBUG] [CleanMix]: Prepared 0 mixins in 0,657 sec (∞ms avg) (0ms load, 0ms transform, 0ms plugin)
[15:12:27] [main/DEBUG] [CleanMix]: Prepared 0 mixins in 0,657 sec (∞ms avg) (0ms load, 0ms transform, 0ms plugin)
[15:12:27] [main/DEBUG] [CleanMix]: Prepared 0 mixins in 0,658 sec (∞ms avg) (0ms load, 0ms transform, 0ms plugin)
[15:12:27] [main/DEBUG] [CleanMix]: Prepared 0 mixins in 0,658 sec (∞ms avg) (0ms load, 0ms transform, 0ms plugin)
[15:12:27] [main/DEBUG] [CleanMix]: Prepared 0 mixins in 0,658 sec (∞ms avg) (0ms load, 0ms transform, 0ms plugin)
[15:12:27] [main/DEBUG] [CleanMix]: Prepared 0 mixins in 0,658 sec (∞ms avg) (0ms load, 0ms transform, 0ms plugin)
[15:12:27] [main/DEBUG] [CleanMix]: Prepared 0 mixins in 0,658 sec (∞ms avg) (0ms load, 0ms transform, 0ms plugin)
[15:12:27] [main/DEBUG] [CleanMix]: Prepared 0 mixins in 0,658 sec (∞ms avg) (0ms load, 0ms transform, 0ms plugin)
[15:12:27] [main/DEBUG] [CleanMix]: Prepared 0 mixins in 0,658 sec (∞ms avg) (0ms load, 0ms transform, 0ms plugin)
[15:12:27] [main/DEBUG] [CleanMix]: Prepared 0 mixins in 0,658 sec (∞ms avg) (0ms load, 0ms transform, 0ms plugin)
[15:12:27] [main/DEBUG] [CleanMix]: Prepared 0 mixins in 0,658 sec (∞ms avg) (0ms load, 0ms transform, 0ms plugin)
[15:12:27] [main/DEBUG] [CleanMix]: Prepared 0 mixins in 0,658 sec (∞ms avg) (0ms load, 0ms transform, 0ms plugin)
[15:12:27] [main/DEBUG] [CleanMix]: Prepared 0 mixins in 0,658 sec (∞ms avg) (0ms load, 0ms transform, 0ms plugin)
[15:12:27] [main/DEBUG] [CleanMix]: Prepared 0 mixins in 0,658 sec (∞ms avg) (0ms load, 0ms transform, 0ms plugin)
[15:12:27] [main/DEBUG] [CleanMix]: Prepared 0 mixins in 0,658 sec (∞ms avg) (0ms load, 0ms transform, 0ms plugin)
[15:12:27] [main/DEBUG] [CleanMix]: Prepared 0 mixins in 0,658 sec (∞ms avg) (0ms load, 0ms transform, 0ms plugin)
[15:12:27] [main/DEBUG] [CleanMix]: Prepared 0 mixins in 0,658 sec (∞ms avg) (0ms load, 0ms transform, 0ms plugin)
[15:12:27] [main/DEBUG] [CleanMix]: Prepared 0 mixins in 0,658 sec (∞ms avg) (0ms load, 0ms transform, 0ms plugin)
[15:12:27] [main/DEBUG] [CleanMix]: Prepared 0 mixins in 0,658 sec (∞ms avg) (0ms load, 0ms transform, 0ms plugin)
[15:12:27] [main/DEBUG] [CleanMix]: Prepared 0 mixins in 0,658 sec (∞ms avg) (0ms load, 0ms transform, 0ms plugin)
[15:12:27] [main/DEBUG] [CleanMix]: Prepared 0 mixins in 0,658 sec (∞ms avg) (0ms load, 0ms transform, 0ms plugin)
[15:12:27] [main/DEBUG] [CleanMix]: Prepared 0 mixins in 0,658 sec (∞ms avg) (0ms load, 0ms transform, 0ms plugin)
[15:12:27] [main/DEBUG] [CleanMix]: Prepared 0 mixins in 0,658 sec (∞ms avg) (0ms load, 0ms transform, 0ms plugin)
[15:12:27] [main/DEBUG] [CleanMix]: Prepared 0 mixins in 0,658 sec (∞ms avg) (0ms load, 0ms transform, 0ms plugin)
[15:12:27] [main/DEBUG] [CleanMix]: Prepared 0 mixins in 0,658 sec (∞ms avg) (0ms load, 0ms transform, 0ms plugin)
[15:12:27] [main/DEBUG] [CleanMix]: Prepared 0 mixins in 0,659 sec (∞ms avg) (0ms load, 0ms transform, 0ms plugin)
[15:12:27] [main/DEBUG] [CleanMix]: Prepared 0 mixins in 0,659 sec (∞ms avg) (0ms load, 0ms transform, 0ms plugin)
[15:12:27] [main/DEBUG] [CleanMix]: Prepared 0 mixins in 0,659 sec (∞ms avg) (0ms load, 0ms transform, 0ms plugin)
[15:12:27] [main/DEBUG] [CleanMix]: Prepared 0 mixins in 0,659 sec (∞ms avg) (0ms load, 0ms transform, 0ms plugin)
[15:12:27] [main/DEBUG] [CleanMix]: Prepared 0 mixins in 0,659 sec (∞ms avg) (0ms load, 0ms transform, 0ms plugin)
[15:12:27] [main/DEBUG] [CleanMix]: Prepared 0 mixins in 0,659 sec (∞ms avg) (0ms load, 0ms transform, 0ms plugin)
[15:12:27] [main/DEBUG] [CleanMix]: Prepared 0 mixins in 0,659 sec (∞ms avg) (0ms load, 0ms transform, 0ms plugin)
[15:12:27] [main/DEBUG] [CleanMix]: Prepared 0 mixins in 0,659 sec (∞ms avg) (0ms load, 0ms transform, 0ms plugin)
[15:12:27] [main/DEBUG] [CleanMix]: Prepared 0 mixins in 0,659 sec (∞ms avg) (0ms load, 0ms transform, 0ms plugin)
[15:12:27] [main/DEBUG] [CleanMix]: Prepared 0 mixins in 0,659 sec (∞ms avg) (0ms load, 0ms transform, 0ms plugin)
[15:12:27] [main/DEBUG] [CleanMix]: Prepared 0 mixins in 0,659 sec (∞ms avg) (0ms load, 0ms transform, 0ms plugin)
[15:12:27] [main/DEBUG] [CleanMix]: Prepared 0 mixins in 0,659 sec (∞ms avg) (0ms load, 0ms transform, 0ms plugin)
[15:12:27] [main/DEBUG] [CleanMix]: Prepared 0 mixins in 0,659 sec (∞ms avg) (0ms load, 0ms transform, 0ms plugin)
[15:12:27] [main/DEBUG] [CleanMix]: Prepared 0 mixins in 0,659 sec (∞ms avg) (0ms load, 0ms transform, 0ms plugin)
[15:12:27] [main/DEBUG] [CleanMix]: Prepared 0 mixins in 0,659 sec (∞ms avg) (0ms load, 0ms transform, 0ms plugin)
[15:12:27] [main/DEBUG] [CleanMix]: Prepared 0 mixins in 0,659 sec (∞ms avg) (0ms load, 0ms transform, 0ms plugin)
[15:12:27] [main/DEBUG] [CleanMix]: Prepared 0 mixins in 0,659 sec (∞ms avg) (0ms load, 0ms transform, 0ms plugin)
[15:12:27] [main/DEBUG] [CleanMix]: Prepared 0 mixins in 0,659 sec (∞ms avg) (0ms load, 0ms transform, 0ms plugin)
[15:12:27] [main/DEBUG] [CleanMix]: Prepared 0 mixins in 0,659 sec (∞ms avg) (0ms load, 0ms transform, 0ms plugin)
[15:12:27] [main/DEBUG] [CleanMix]: Prepared 0 mixins in 0,659 sec (∞ms avg) (0ms load, 0ms transform, 0ms plugin)
[15:12:27] [main/DEBUG] [CleanMix]: Prepared 0 mixins in 0,659 sec (∞ms avg) (0ms load, 0ms transform, 0ms plugin)
[15:12:27] [main/DEBUG] [CleanMix]: Preparing config mixins.alfheim.json
[15:12:27] [main/DEBUG] [CleanMix]: Preparing config mixins.naughthirium.json
[15:12:27] [main/DEBUG] [CleanMix]: Preparing config mixins.bugfixes.misc.smoothlighting.json
[15:12:27] [main/DEBUG] [CleanMix]: Preparing config mixins.bugfixes.misc.modelgap.json
[15:12:27] [main/DEBUG] [CleanMix]: Preparing config mixins.tweaks.misc.buttons.anaglyph.json
[15:12:27] [main/DEBUG] [CleanMix]: Preparing config mixins.tweaks.items.itementities.client.json
[15:12:27] [main/DEBUG] [CleanMix]: Preparing config mixins.tweaks.misc.toastcontrol.json
[15:12:27] [main/DEBUG] [CleanMix]: Preparing config mixins.tweaks.performance.languageswitching.json
[15:12:27] [main/DEBUG] [CleanMix]: Preparing config mixins.bugfixes.misc.depthmask.json
[15:12:27] [main/DEBUG] [CleanMix]: Preparing config mixins.tweaks.performance.audioreload.json
[15:12:27] [main/DEBUG] [CleanMix]: Preparing config mixins.tweaks.misc.buttons.realms.json
[15:12:27] [main/DEBUG] [CleanMix]: Preparing config mixins.tweaks.entities.autojump.json
[15:12:27] [main/DEBUG] [CleanMix]: Preparing config mixins.bugfixes.misc.startup.json
[15:12:27] [main/DEBUG] [CleanMix]: Preparing config mixins.tweaks.misc.gui.keybindlistentry.json
[15:12:27] [main/DEBUG] [CleanMix]: Preparing config mixins.tweaks.misc.gui.potionduration.json
[15:12:27] [main/DEBUG] [CleanMix]: Preparing config mixins.tweaks.misc.buttons.snooper.client.json
[15:12:27] [main/DEBUG] [CleanMix]: Preparing config mixins.tweaks.performance.missingmodel.json
[15:12:27] [main/DEBUG] [CleanMix]: Preparing config mixins.bugfixes.blocks.blockoverlay.json
[15:12:27] [main/DEBUG] [CleanMix]: Preparing config mixins.tweaks.misc.gui.lanserverproperties.json
[15:12:27] [main/DEBUG] [CleanMix]: Preparing config mixins.tweaks.misc.smoothscrolling.json
[15:12:27] [main/DEBUG] [CleanMix]: Preparing config mixins.tweaks.performance.resourcemanager.json
[15:12:27] [main/DEBUG] [CleanMix]: Preparing config mixins.bugfixes.misc.spectatormenu.json
[15:12:27] [main/DEBUG] [CleanMix]: Preparing config mixins.bugfixes.world.frustumculling.json
[15:12:27] [main/DEBUG] [CleanMix]: Preparing config mixins.tweaks.performance.connectionspeed.json
[15:12:27] [main/DEBUG] [CleanMix]: Preparing config mixins.tweaks.misc.gui.ping.json
[15:12:27] [main/DEBUG] [CleanMix]: Preparing config mixins.bugfixes.blocks.miningglitch.client.json
[15:12:27] [main/DEBUG] [CleanMix]: Preparing config mixins.bugfixes.entities.elytrarender.json
[15:12:27] [main/DEBUG] [CleanMix]: Preparing config mixins.bugfixes.entities.elytra.json
[15:12:27] [main/DEBUG] [CleanMix]: Preparing config mixins.tweaks.performance.fps.json
[15:12:27] [main/DEBUG] [CleanMix]: Preparing config mixins.bugfixes.misc.potionamplifier.json
[15:12:27] [main/DEBUG] [CleanMix]: Preparing config mixins.bugfixes.entities.entitylists.client.json
[15:12:27] [main/DEBUG] [CleanMix]: Preparing config mixins.bugfixes.entities.villagermantle.json
[15:12:27] [main/DEBUG] [CleanMix]: Preparing config mixins.bugfixes.misc.particlespawning.json
[15:12:27] [main/DEBUG] [CleanMix]: Preparing config mixins.bugfixes.blocks.itemframevoid.json
[15:12:27] [main/DEBUG] [CleanMix]: Preparing config mixins.tweaks.blocks.endportal.json
[15:12:28] [main/DEBUG] [CleanMix]: Preparing config mixins.tweaks.entities.burning.mobs.json
[15:12:28] [main/DEBUG] [CleanMix]: Preparing config mixins.tweaks.performance.entityradiuscheck.reducesearchsize.json
[15:12:28] [main/DEBUG] [CleanMix]: Preparing config mixins.bugfixes.entities.tracker.json
[15:12:28] [main/DEBUG] [CleanMix]: Preparing config mixins.bugfixes.world.tileentities.json
[15:12:28] [main/DEBUG] [CleanMix]: Preparing config mixins.tweaks.blocks.leafdecay.json
[15:12:28] [main/DEBUG] [CleanMix]: Preparing config mixins.bugfixes.entities.destroypacket.json
[15:12:28] [main/DEBUG] [CleanMix]: Preparing config mixins.bugfixes.world.witchhuts.json
[15:12:28] [main/DEBUG] [CleanMix]: Preparing config mixins.tweaks.entities.burning.horse.json
[15:12:28] [main/DEBUG] [CleanMix]: Preparing config mixins.bugfixes.entities.maxhealth.json
[15:12:28] [main/DEBUG] [CleanMix]: Preparing config mixins.tweaks.entities.ai.saddledwandering.json
[15:12:28] [main/DEBUG] [CleanMix]: Preparing config mixins.bugfixes.world.chunksaving.json
[15:12:28] [main/DEBUG] [CleanMix]: Preparing config mixins.tweaks.misc.incurablepotions.json
[15:12:28] [main/DEBUG] [CleanMix]: Preparing config mixins.tweaks.blocks.lenientpaths.json
[15:12:28] [main/DEBUG] [CleanMix]: Preparing config mixins.bugfixes.entities.skeletonaim.json
[15:12:28] [main/DEBUG] [CleanMix]: Preparing config mixins.bugfixes.misc.packetsize.json
[15:12:28] [main/DEBUG] [CleanMix]: Preparing config mixins.tweaks.world.stronghold.json
[15:12:28] [main/DEBUG] [CleanMix]: Preparing config mixins.bugfixes.blocks.hopper.boundingbox.json
[15:12:28] [main/DEBUG] [CleanMix]: Preparing config mixins.bugfixes.entities.sleeping.json
[15:12:28] [main/DEBUG] [CleanMix]: Preparing config mixins.bugfixes.entities.horsefalling.json
[15:12:28] [main/DEBUG] [CleanMix]: Preparing config mixins.tweaks.performance.pathfinding.json
[15:12:28] [main/DEBUG] [CleanMix]: Preparing config mixins.tweaks.entities.spawning.husk.json
[15:12:28] [main/DEBUG] [CleanMix]: Preparing config mixins.bugfixes.blocks.piston.tile.json
[15:12:28] [main/DEBUG] [CleanMix]: Preparing config mixins.tweaks.entities.taming.horse.json
[15:12:28] [main/DEBUG] [CleanMix]: Preparing config mixins.bugfixes.entities.blockfire.json
[15:12:28] [main/DEBUG] [CleanMix]: Preparing config mixins.tweaks.misc.commands.seed.json
[15:12:28] [main/DEBUG] [CleanMix]: Preparing config mixins.tweaks.performance.entityradiuscheck.lesscollisions.json
[15:12:28] [main/DEBUG] [CleanMix]: Preparing config mixins.tweaks.performance.prefixcheck.json
[15:12:28] [main/DEBUG] [CleanMix]: Preparing config mixins.bugfixes.entities.dimensionchange.json
[15:12:28] [main/DEBUG] [CleanMix]: Preparing config mixins.tweaks.blocks.bedobstruction.json
[15:12:28] [main/DEBUG] [CleanMix]: Preparing config mixins.bugfixes.entities.entitylists.json
[15:12:28] [main/DEBUG] [CleanMix]: Preparing config mixins.bugfixes.misc.crafteditemstatistics.json
[15:12:28] [main/DEBUG] [CleanMix]: Preparing config mixins.bugfixes.entities.untippedarrowparticles.json
[15:12:28] [main/DEBUG] [CleanMix]: Preparing config mixins.bugfixes.blocks.ladderflying.json
[15:12:28] [main/DEBUG] [CleanMix]: Preparing config mixins.bugfixes.entities.minecart.json
[15:12:28] [main/DEBUG] [CleanMix]: Preparing config mixins.tweaks.entities.despawning.json
[15:12:28] [main/DEBUG] [CleanMix]: Preparing config mixins.bugfixes.entities.suffocation.json
[15:12:28] [main/DEBUG] [CleanMix]: Preparing config mixins.tweaks.misc.console.addpacket.json
[15:12:28] [main/DEBUG] [CleanMix]: Preparing config mixins.bugfixes.entities.desync.json
[15:12:28] [main/DEBUG] [CleanMix]: Preparing config mixins.tweaks.performance.dyeblending.json
[15:12:28] [main/DEBUG] [CleanMix]: Preparing config mixins.tweaks.blocks.sapling.json
[15:12:28] [main/DEBUG] [CleanMix]: Preparing config mixins.bugfixes.entities.boundingbox.json
[15:12:28] [main/DEBUG] [CleanMix]: Preparing config mixins.bugfixes.entities.deathtime.json
[15:12:28] [main/DEBUG] [CleanMix]: Preparing config mixins.bugfixes.blocks.comparatortiming.json
[15:12:28] [main/DEBUG] [CleanMix]: Preparing config mixins.bugfixes.blocks.miningglitch.server.json
[15:12:28] [main/DEBUG] [CleanMix]: Preparing config mixins.tweaks.entities.spawning.stray.json
[15:12:28] [main/DEBUG] [CleanMix]: Preparing config mixins.tweaks.entities.ai.json
[15:12:28] [main/DEBUG] [CleanMix]: Preparing config mixins.bugfixes.entities.attackradius.json
[15:12:28] [main/DEBUG] [CleanMix]: Preparing config mixins.bugfixes.entities.boatoffset.json
[15:12:28] [main/DEBUG] [CleanMix]: Preparing config mixins.bugfixes.entities.mount.json
[15:12:28] [main/DEBUG] [CleanMix]: Preparing config mixins.bugfixes.blocks.hopper.tile.json
[15:12:28] [main/DEBUG] [CleanMix]: Preparing config mixins.bugfixes.entities.saturation.json
[15:12:28] [main/DEBUG] [CleanMix]: Preparing config mixins.bugfixes.blocks.falling.json
[15:12:28] [main/DEBUG] [CleanMix]: Preparing config mixins.tweaks.items.itementities.server.json
[15:12:28] [main/DEBUG] [CleanMix]: Preparing config mixins.bugfixes.entities.entityid.json
[15:12:28] [main/DEBUG] [CleanMix]: Preparing config mixins.tweaks.performance.craftingcache.json
[15:12:28] [main/DEBUG] [CleanMix]: Preparing config mixins.vintagefix.json
[15:12:28] [main/DEBUG] [CleanMix]: Preparing config mixins.devenv.json
[15:12:28] [main/DEBUG] [CleanMix]: Preparing config mixins.internal.json
[15:12:28] [main/DEBUG] [CleanMix]: Preparing config mixins.vanities.json
[15:12:28] [main/DEBUG] [CleanMix]: Preparing config mixins.registries.json
[15:12:28] [main/DEBUG] [CleanMix]: Preparing config mixins.stripitemstack.json
[15:12:28] [main/DEBUG] [CleanMix]: Preparing config mixins.lockcode.json
[15:12:28] [main/DEBUG] [CleanMix]: Preparing config mixins.recipes.json
[15:12:28] [main/DEBUG] [CleanMix]: Preparing config mixins.misc_fluidregistry.json
[15:12:28] [main/DEBUG] [CleanMix]: Preparing config mixins.forgefixes.json
[15:12:28] [main/DEBUG] [CleanMix]: Preparing config mixins.capability.json
[15:12:28] [main/DEBUG] [CleanMix]: Preparing config mixins.efficienthashing.json
[15:12:28] [main/DEBUG] [CleanMix]: Preparing config mixins.crashes.json
[15:12:28] [main/DEBUG] [CleanMix]: Preparing config mixins.fix_mc129057.json
[15:12:28] [main/DEBUG] [CleanMix]: Preparing config mixins.bucket.json
[15:12:28] [main/DEBUG] [CleanMix]: Preparing config mixins.priorities.json
[15:12:28] [main/DEBUG] [CleanMix]: Preparing config mixins.rendering.json
[15:12:28] [main/DEBUG] [CleanMix]: Preparing config mixins.datastructures_modelmanager.json
[15:12:28] [main/DEBUG] [CleanMix]: Preparing config mixins.screenshot.json
[15:12:28] [main/DEBUG] [CleanMix]: Preparing config mixins.ondemand_sprites.json
[15:12:28] [main/DEBUG] [CleanMix]: Preparing config mixins.searchtree_vanilla.json
[15:12:28] [main/DEBUG] [CleanMix]: Preparing config mixins.resolve_mc2071.json
[15:12:28] [main/DEBUG] [CleanMix]: Preparing config mixins.fix_mc_skindownloading.json
[15:12:28] [main/DEBUG] [CleanMix]: Preparing config mixins.fix_mc186052.json
[15:12:28] [main/DEBUG] [CleanMix]: Preparing config mixins.entityculling.json
[15:12:28] [main/DEBUG] [CleanMix]: Preparing config mixins.renderlib.json
[15:12:28] [main/DEBUG] [CleanMix]: Preparing config mixins.stellar_core_minecraft_advancements.json
[15:12:28] [main/DEBUG] [CleanMix]: Preparing config mixins.stellar_core_minecraft_blockfaceuv.json
[15:12:28] [main/DEBUG] [CleanMix]: Preparing config mixins.stellar_core_minecraft_blockpart.json
[15:12:28] [main/DEBUG] [CleanMix]: Preparing config mixins.stellar_core_minecraft_blockstateimpl.json
[15:12:28] [main/DEBUG] [CleanMix]: Preparing config mixins.stellar_core_minecraft_chunktequeue.json
[15:12:28] [main/DEBUG] [CleanMix]: Preparing config mixins.stellar_core_minecraft_classmultimap.json
[15:12:28] [main/DEBUG] [CleanMix]: Preparing config mixins.stellar_core_minecraft_entitytracker.json
[15:12:28] [main/DEBUG] [CleanMix]: Preparing config mixins.stellar_core_minecraft_nbtpool.json
[15:12:28] [main/DEBUG] [CleanMix]: Preparing config mixins.stellar_core_minecraft_nnlist.json
[15:12:28] [main/DEBUG] [CleanMix]: Preparing config mixins.stellar_core_minecraft_property.json
[15:12:28] [main/DEBUG] [CleanMix]: Preparing config mixins.stellar_core_minecraft_phys.json
[15:12:28] [main/DEBUG] [CleanMix]: Preparing config mixins.stellar_core_minecraft_resourcelocation.json
[15:12:28] [main/DEBUG] [CleanMix]: Preparing config mixins.stellar_core_minecraft_resourcepack.json
[15:12:28] [main/DEBUG] [CleanMix]: Preparing config mixins.stellar_core_minecraft_world_load.json
[15:12:28] [main/DEBUG] [CleanMix]: Preparing config mixins.stellar_core_minecraft_world_pos_judgement.json
[15:12:28] [main/DEBUG] [CleanMix]: Preparing config mixins.stellar_core_minecraft_worldclient.json
[15:12:28] [main/DEBUG] [CleanMix]: Preparing config mixins.stellar_core_minecraft_worldserver.json
[15:12:28] [main/DEBUG] [CleanMix]: Preparing config mixins.stellar_core_minecraft_statemapperbase.json
[15:12:28] [main/DEBUG] [CleanMix]: Preparing config mixins.stellar_core_minecraft_texturemap_concurrent.json
[15:12:28] [main/DEBUG] [CleanMix]: Preparing config mixins.stellar_core_forge.json
[15:12:28] [main/DEBUG] [CleanMix]: Preparing config mixins.stellar_core_forge_asmmodparser.json
[15:12:28] [main/DEBUG] [CleanMix]: Preparing config mixins.stellar_core_forge_capability.json
[15:12:28] [main/DEBUG] [CleanMix]: Preparing config mixins.stellar_core_forge_chunkmanager.json
[15:12:28] [main/DEBUG] [CleanMix]: Preparing config mixins.stellar_core_forge_modelloader.json
[15:12:28] [main/DEBUG] [CleanMix]: Preparing config mixins.stellar_core_forge_oredict.json
[15:12:28] [main/DEBUG] [CleanMix]: Preparing mixins.stellar_core_minecraft_texturemap_concurrent.json (1)
[15:12:28] [main/DEBUG] [CleanMix]: Preparing mixins.alfheim.json (15)
[15:12:28] [main/DEBUG] [CleanMix]: Preparing mixins.naughthirium.json (12)
[15:12:28] [main/DEBUG] [CleanMix]: Preparing mixins.bugfixes.misc.smoothlighting.json (1)
[15:12:28] [main/DEBUG] [CleanMix]: Preparing mixins.bugfixes.misc.modelgap.json (1)
[15:12:28] [main/DEBUG] [CleanMix]: Preparing mixins.tweaks.misc.buttons.anaglyph.json (1)
[15:12:28] [main/DEBUG] [CleanMix]: Preparing mixins.tweaks.items.itementities.client.json (1)
[15:12:28] [main/DEBUG] [CleanMix]: Preparing mixins.tweaks.misc.toastcontrol.json (4)
[15:12:28] [main/DEBUG] [CleanMix]: Preparing mixins.tweaks.performance.languageswitching.json (1)
[15:12:28] [main/DEBUG] [CleanMix]: Preparing mixins.bugfixes.misc.depthmask.json (4)
[15:12:28] [main/DEBUG] [CleanMix]: Preparing mixins.tweaks.performance.audioreload.json (1)
[15:12:28] [main/DEBUG] [CleanMix]: Preparing mixins.tweaks.misc.buttons.realms.json (2)
[15:12:28] [main/DEBUG] [CleanMix]: Preparing mixins.tweaks.entities.autojump.json (1)
[15:12:28] [main/DEBUG] [CleanMix]: Preparing mixins.bugfixes.misc.startup.json (1)
[15:12:28] [main/DEBUG] [CleanMix]: Preparing mixins.tweaks.misc.gui.keybindlistentry.json (1)
[15:12:28] [main/DEBUG] [CleanMix]: Preparing mixins.tweaks.misc.gui.potionduration.json (1)
[15:12:28] [main/DEBUG] [CleanMix]: Preparing mixins.tweaks.misc.buttons.snooper.client.json (2)
[15:12:28] [main/DEBUG] [CleanMix]: Preparing mixins.tweaks.performance.missingmodel.json (1)
[15:12:28] [main/DEBUG] [CleanMix]: Preparing mixins.bugfixes.blocks.blockoverlay.json (1)
[15:12:28] [main/DEBUG] [CleanMix]: Preparing mixins.tweaks.misc.gui.lanserverproperties.json (2)
[15:12:28] [main/DEBUG] [CleanMix]: Preparing mixins.tweaks.misc.smoothscrolling.json (2)
[15:12:28] [main/DEBUG] [CleanMix]: Preparing mixins.tweaks.performance.resourcemanager.json (3)
[15:12:28] [main/DEBUG] [CleanMix]: Preparing mixins.bugfixes.misc.spectatormenu.json (1)
[15:12:28] [main/DEBUG] [CleanMix]: Preparing mixins.bugfixes.world.frustumculling.json (1)
[15:12:28] [main/DEBUG] [CleanMix]: Preparing mixins.tweaks.performance.connectionspeed.json (3)
[15:12:28] [main/DEBUG] [CleanMix]: Preparing mixins.tweaks.misc.gui.ping.json (1)
[15:12:28] [main/DEBUG] [CleanMix]: Preparing mixins.bugfixes.blocks.miningglitch.client.json (2)
[15:12:29] [main/DEBUG] [CleanMix]: Preparing mixins.bugfixes.entities.elytrarender.json (1)
[15:12:29] [main/DEBUG] [CleanMix]: Preparing mixins.bugfixes.entities.elytra.json (2)
[15:12:29] [main/DEBUG] [CleanMix]: Preparing mixins.tweaks.performance.fps.json (1)
[15:12:29] [main/DEBUG] [CleanMix]: Preparing mixins.bugfixes.misc.potionamplifier.json (1)
[15:12:29] [main/DEBUG] [CleanMix]: Preparing mixins.bugfixes.entities.entitylists.client.json (1)
[15:12:29] [main/DEBUG] [CleanMix]: Preparing mixins.bugfixes.entities.villagermantle.json (1)
[15:12:29] [main/DEBUG] [CleanMix]: Preparing mixins.bugfixes.misc.particlespawning.json (2)
[15:12:29] [main/DEBUG] [CleanMix]: Preparing mixins.bugfixes.blocks.itemframevoid.json (1)
[15:12:29] [main/DEBUG] [CleanMix]: Preparing mixins.tweaks.blocks.endportal.json (2)
[15:12:29] [main/DEBUG] [CleanMix]: Preparing mixins.tweaks.entities.burning.mobs.json (3)
[15:12:29] [main/DEBUG] [CleanMix]: Preparing mixins.tweaks.performance.entityradiuscheck.reducesearchsize.json (2)
[15:12:29] [main/DEBUG] [CleanMix]: Preparing mixins.bugfixes.entities.tracker.json (2)
[15:12:29] [main/DEBUG] [CleanMix]: Preparing mixins.bugfixes.world.tileentities.json (1)
[15:12:29] [main/DEBUG] [CleanMix]: Preparing mixins.tweaks.blocks.leafdecay.json (1)
[15:12:29] [main/DEBUG] [CleanMix]: Preparing mixins.bugfixes.entities.destroypacket.json (1)
[15:12:29] [main/DEBUG] [CleanMix]: Preparing mixins.bugfixes.world.witchhuts.json (1)
[15:12:29] [main/DEBUG] [CleanMix]: Preparing mixins.tweaks.entities.burning.horse.json (2)
[15:12:29] [main/DEBUG] [CleanMix]: Preparing mixins.bugfixes.entities.maxhealth.json (1)
[15:12:29] [main/DEBUG] [CleanMix]: Preparing mixins.tweaks.entities.ai.saddledwandering.json (1)
[15:12:29] [main/DEBUG] [CleanMix]: Preparing mixins.bugfixes.world.chunksaving.json (1)
[15:12:29] [main/DEBUG] [CleanMix]: Preparing mixins.tweaks.misc.incurablepotions.json (1)
[15:12:29] [main/DEBUG] [CleanMix]: Preparing mixins.tweaks.blocks.lenientpaths.json (2)
[15:12:29] [main/DEBUG] [CleanMix]: Preparing mixins.bugfixes.entities.skeletonaim.json (1)
[15:12:29] [main/DEBUG] [CleanMix]: Preparing mixins.bugfixes.misc.packetsize.json (2)
[15:12:29] [main/DEBUG] [CleanMix]: Preparing mixins.tweaks.world.stronghold.json (1)
[15:12:29] [main/DEBUG] [CleanMix]: Preparing mixins.bugfixes.blocks.hopper.boundingbox.json (1)
[15:12:29] [main/DEBUG] [CleanMix]: Preparing mixins.bugfixes.entities.sleeping.json (1)
[15:12:29] [main/DEBUG] [CleanMix]: Preparing mixins.bugfixes.entities.horsefalling.json (1)
[15:12:29] [main/DEBUG] [CleanMix]: Preparing mixins.tweaks.performance.pathfinding.json (1)
[15:12:29] [main/DEBUG] [CleanMix]: Preparing mixins.tweaks.entities.spawning.husk.json (1)
[15:12:29] [main/DEBUG] [CleanMix]: Preparing mixins.bugfixes.blocks.piston.tile.json (1)
[15:12:29] [main/DEBUG] [CleanMix]: Preparing mixins.tweaks.entities.taming.horse.json (2)
[15:12:29] [main/DEBUG] [CleanMix]: Preparing mixins.bugfixes.entities.blockfire.json (1)
[15:12:29] [main/DEBUG] [CleanMix]: Preparing mixins.tweaks.misc.commands.seed.json (1)
[15:12:29] [main/DEBUG] [CleanMix]: Preparing mixins.tweaks.performance.entityradiuscheck.lesscollisions.json (2)
[15:12:29] [main/DEBUG] [CleanMix]: Preparing mixins.tweaks.performance.prefixcheck.json (1)
[15:12:29] [main/DEBUG] [CleanMix]: Preparing mixins.bugfixes.entities.dimensionchange.json (2)
[15:12:29] [main/DEBUG] [CleanMix]: Preparing mixins.tweaks.blocks.bedobstruction.json (1)
[15:12:29] [main/DEBUG] [CleanMix]: Preparing mixins.bugfixes.entities.entitylists.json (2)
[15:12:29] [main/DEBUG] [CleanMix]: Preparing mixins.bugfixes.misc.crafteditemstatistics.json (1)
[15:12:29] [main/DEBUG] [CleanMix]: Preparing mixins.bugfixes.entities.untippedarrowparticles.json (1)
[15:12:29] [main/DEBUG] [CleanMix]: Preparing mixins.bugfixes.blocks.ladderflying.json (1)
[15:12:29] [main/DEBUG] [CleanMix]: Preparing mixins.bugfixes.entities.minecart.json (1)
[15:12:29] [main/DEBUG] [CleanMix]: Preparing mixins.tweaks.entities.despawning.json (2)
[15:12:29] [main/DEBUG] [CleanMix]: Preparing mixins.bugfixes.entities.suffocation.json (1)
[15:12:29] [main/DEBUG] [CleanMix]: Preparing mixins.tweaks.misc.console.addpacket.json (1)
[15:12:29] [main/DEBUG] [CleanMix]: Preparing mixins.bugfixes.entities.desync.json (4)
[15:12:29] [main/DEBUG] [CleanMix]: Preparing mixins.tweaks.performance.dyeblending.json (1)
[15:12:29] [main/DEBUG] [CleanMix]: Preparing mixins.tweaks.blocks.sapling.json (1)
[15:12:29] [main/DEBUG] [CleanMix]: Preparing mixins.bugfixes.entities.boundingbox.json (1)
[15:12:29] [main/DEBUG] [CleanMix]: Preparing mixins.bugfixes.entities.deathtime.json (1)
[15:12:29] [main/DEBUG] [CleanMix]: Preparing mixins.bugfixes.blocks.comparatortiming.json (1)
[15:12:29] [main/DEBUG] [CleanMix]: Preparing mixins.bugfixes.blocks.miningglitch.server.json (1)
[15:12:29] [main/DEBUG] [CleanMix]: Preparing mixins.tweaks.entities.spawning.stray.json (1)
[15:12:29] [main/DEBUG] [CleanMix]: Preparing mixins.tweaks.entities.ai.json (1)
[15:12:29] [main/DEBUG] [CleanMix]: Preparing mixins.bugfixes.entities.attackradius.json (1)
[15:12:29] [main/DEBUG] [CleanMix]: Preparing mixins.bugfixes.entities.boatoffset.json (1)
[15:12:29] [main/DEBUG] [CleanMix]: Preparing mixins.bugfixes.entities.mount.json (1)
[15:12:29] [main/DEBUG] [CleanMix]: Preparing mixins.bugfixes.blocks.hopper.tile.json (1)
[15:12:29] [main/DEBUG] [CleanMix]: Preparing mixins.bugfixes.entities.saturation.json (1)
[15:12:29] [main/DEBUG] [CleanMix]: Preparing mixins.bugfixes.blocks.falling.json (1)
[15:12:29] [main/DEBUG] [CleanMix]: Preparing mixins.tweaks.items.itementities.server.json (3)
[15:12:29] [main/DEBUG] [CleanMix]: Preparing mixins.bugfixes.entities.entityid.json (1)
[15:12:29] [main/DEBUG] [CleanMix]: Preparing mixins.tweaks.performance.craftingcache.json (1)
[15:12:29] [main/DEBUG] [CleanMix]: Preparing mixins.vintagefix.json (0)
[15:12:29] [main/DEBUG] [CleanMix]: Preparing mixins.devenv.json (1)
[15:12:29] [main/DEBUG] [CleanMix]: Preparing mixins.internal.json (7)
[15:12:29] [main/DEBUG] [CleanMix]: Preparing mixins.vanities.json (1)
[15:12:29] [main/DEBUG] [CleanMix]: Preparing mixins.registries.json (2)
[15:12:29] [main/DEBUG] [CleanMix]: Preparing mixins.stripitemstack.json (1)
[15:12:29] [main/DEBUG] [CleanMix]: Preparing mixins.lockcode.json (1)
[15:12:29] [main/DEBUG] [CleanMix]: Preparing mixins.recipes.json (1)
[15:12:29] [main/DEBUG] [CleanMix]: Preparing mixins.misc_fluidregistry.json (1)
[15:12:29] [main/DEBUG] [CleanMix]: Preparing mixins.forgefixes.json (4)
[15:12:29] [main/DEBUG] [CleanMix]: Preparing mixins.capability.json (1)
[15:12:29] [main/DEBUG] [CleanMix]: Preparing mixins.efficienthashing.json (1)
[15:12:29] [main/DEBUG] [CleanMix]: Preparing mixins.crashes.json (10)
[15:12:29] [main/DEBUG] [CleanMix]: Preparing mixins.fix_mc129057.json (1)
[15:12:29] [main/DEBUG] [CleanMix]: Preparing mixins.bucket.json (1)
[15:12:29] [main/DEBUG] [CleanMix]: Preparing mixins.priorities.json (2)
[15:12:29] [main/DEBUG] [CleanMix]: Preparing mixins.rendering.json (1)
[15:12:29] [main/DEBUG] [CleanMix]: Preparing mixins.datastructures_modelmanager.json (1)
[15:12:29] [main/DEBUG] [CleanMix]: Preparing mixins.screenshot.json (3)
[15:12:29] [main/DEBUG] [CleanMix]: Preparing mixins.ondemand_sprites.json (14)
[15:12:29] [main/DEBUG] [CleanMix]: Preparing mixins.searchtree_vanilla.json (1)
[15:12:29] [main/DEBUG] [CleanMix]: Preparing mixins.resolve_mc2071.json (1)
[15:12:29] [main/DEBUG] [CleanMix]: Preparing mixins.fix_mc_skindownloading.json (1)
[15:12:29] [main/DEBUG] [CleanMix]: Preparing mixins.fix_mc186052.json (2)
[15:12:29] [main/DEBUG] [CleanMix]: Preparing mixins.entityculling.json (8)
[15:12:29] [main/DEBUG] [CleanMix]: Preparing mixins.renderlib.json (32)
[15:12:29] [main/DEBUG] [CleanMix]: Preparing mixins.stellar_core_minecraft_advancements.json (1)
[15:12:29] [main/DEBUG] [CleanMix]: Preparing mixins.stellar_core_minecraft_blockfaceuv.json (1)
[15:12:29] [main/DEBUG] [CleanMix]: Preparing mixins.stellar_core_minecraft_blockpart.json (1)
[15:12:29] [main/DEBUG] [CleanMix]: Preparing mixins.stellar_core_minecraft_blockstateimpl.json (1)
[15:12:29] [main/DEBUG] [CleanMix]: Preparing mixins.stellar_core_minecraft_chunktequeue.json (1)
[15:12:29] [main/DEBUG] [CleanMix]: Preparing mixins.stellar_core_minecraft_classmultimap.json (1)
[15:12:29] [main/DEBUG] [CleanMix]: Preparing mixins.stellar_core_minecraft_entitytracker.json (2)
[15:12:29] [main/DEBUG] [CleanMix]: Preparing mixins.stellar_core_minecraft_nbtpool.json (9)
[15:12:29] [main/DEBUG] [CleanMix]: Preparing mixins.stellar_core_minecraft_nnlist.json (1)
[15:12:29] [main/DEBUG] [CleanMix]: Preparing mixins.stellar_core_minecraft_property.json (1)
[15:12:29] [main/DEBUG] [CleanMix]: Preparing mixins.stellar_core_minecraft_phys.json (1)
[15:12:29] [main/DEBUG] [CleanMix]: Preparing mixins.stellar_core_minecraft_resourcelocation.json (2)
[15:12:29] [main/DEBUG] [CleanMix]: Preparing mixins.stellar_core_minecraft_resourcepack.json (7)
[15:12:29] [main/DEBUG] [CleanMix]: Preparing mixins.stellar_core_minecraft_world_load.json (1)
[15:12:29] [main/DEBUG] [CleanMix]: Preparing mixins.stellar_core_minecraft_world_pos_judgement.json (1)
[15:12:29] [main/DEBUG] [CleanMix]: Preparing mixins.stellar_core_minecraft_worldclient.json (1)
[15:12:29] [main/DEBUG] [CleanMix]: Preparing mixins.stellar_core_minecraft_worldserver.json (1)
[15:12:29] [main/DEBUG] [CleanMix]: Preparing mixins.stellar_core_minecraft_statemapperbase.json (1)
[15:12:29] [main/DEBUG] [CleanMix]: Preparing mixins.stellar_core_forge.json (1)
[15:12:29] [main/DEBUG] [CleanMix]: Preparing mixins.stellar_core_forge_asmmodparser.json (1)
[15:12:29] [main/DEBUG] [CleanMix]: Preparing mixins.stellar_core_forge_capability.json (1)
[15:12:29] [main/DEBUG] [CleanMix]: Preparing mixins.stellar_core_forge_chunkmanager.json (2)
[15:12:29] [main/DEBUG] [CleanMix]: Preparing mixins.stellar_core_forge_modelloader.json (7)
[15:12:29] [main/DEBUG] [CleanMix]: Preparing mixins.stellar_core_forge_oredict.json (1)
[15:12:29] [main/DEBUG] [CleanMix]: Prepared 297 mixins in 2,967 sec (10,0ms avg) (0ms load, 0ms transform, 0ms plugin)
[15:12:30] [main/DEBUG] [CleanMix]: Mixing client.MinecraftMixin from mixins.alfheim.json into net.minecraft.client.Minecraft
[15:12:30] [main/INFO] [MixinBooter/Audit]: APPLY mixins.alfheim.json:client.MinecraftMixin from mod alfheim -> net.minecraft.client.Minecraft
[15:12:30] [main/DEBUG] [CleanMix]: Mixing UTSnooperClient from mixins.tweaks.misc.buttons.snooper.client.json into net.minecraft.client.Minecraft
[15:12:30] [main/INFO] [MixinBooter/Audit]: APPLY mixins.tweaks.misc.buttons.snooper.client.json:UTSnooperClient from mod universaltweaks -> net.minecraft.client.Minecraft
[15:12:30] [main/DEBUG] [CleanMix]: Mixing UTUncapFPSMixin from mixins.tweaks.performance.fps.json into net.minecraft.client.Minecraft
[15:12:30] [main/INFO] [MixinBooter/Audit]: APPLY mixins.tweaks.performance.fps.json:UTUncapFPSMixin from mod universaltweaks -> net.minecraft.client.Minecraft
[15:12:30] [main/DEBUG] [CleanMix]: Mixing MinecraftMixin from mixins.crashes.json into net.minecraft.client.Minecraft
[15:12:30] [main/DEBUG] [CleanMix]: Renaming synthetic method lambda$addInfoToCrash$4()Ljava/lang/String; to md6a603e$loliasm$lambda$addInfoToCrash$4$0 in mixins.crashes.json:MinecraftMixin from mod loliasm
[15:12:30] [main/DEBUG] [CleanMix]: Renaming synthetic method lambda$addInfoToCrash$3()Ljava/lang/String; to md6a603e$loliasm$lambda$addInfoToCrash$3$1 in mixins.crashes.json:MinecraftMixin from mod loliasm
[15:12:30] [main/DEBUG] [CleanMix]: Renaming synthetic method lambda$checkForF3C$2()Ljava/lang/Object; to md6a603e$loliasm$lambda$checkForF3C$2$2 in mixins.crashes.json:MinecraftMixin from mod loliasm
[15:12:30] [main/DEBUG] [CleanMix]: Renaming synthetic method lambda$checkForF3C$1()V to md6a603e$loliasm$lambda$checkForF3C$1$3 in mixins.crashes.json:MinecraftMixin from mod loliasm
[15:12:30] [main/DEBUG] [CleanMix]: Renaming synthetic method lambda$showWarningScreen$0(Lnet/minecraft/crash/CrashReport;)V to md6a603e$loliasm$lambda$showWarningScreen$0$4 in mixins.crashes.json:MinecraftMixin from mod loliasm
[15:12:30] [main/INFO] [MixinBooter/Audit]: APPLY mixins.crashes.json:MinecraftMixin from mod loliasm -> net.minecraft.client.Minecraft
[15:12:30] [main/DEBUG] [CleanMix]: Mixing MinecraftMixin from mixins.searchtree_vanilla.json into net.minecraft.client.Minecraft
[15:12:30] [main/DEBUG] [CleanMix]: Renaming synthetic method lambda$redirectToJeiSearchTree$9(Lnet/minecraft/item/ItemStack;)Ljava/lang/Iterable; to md6a603e$loliasm$lambda$redirectToJeiSearchTree$9$5 in mixins.searchtree_vanilla.json:MinecraftMixin from mod loliasm
[15:12:30] [main/DEBUG] [CleanMix]: Renaming synthetic method lambda$redirectToJeiSearchTree$8(Lnet/minecraft/item/ItemStack;)Ljava/lang/Iterable; to md6a603e$loliasm$lambda$redirectToJeiSearchTree$8$6 in mixins.searchtree_vanilla.json:MinecraftMixin from mod loliasm
[15:12:30] [main/DEBUG] [CleanMix]: Renaming synthetic method lambda$null$7(Ljava/lang/String;)Z to md6a603e$loliasm$lambda$null$7$7 in mixins.searchtree_vanilla.json:MinecraftMixin from mod loliasm
[15:12:30] [main/DEBUG] [CleanMix]: Renaming synthetic method lambda$redirectToJeiSearchTree$6(Lnet/minecraft/client/gui/recipebook/RecipeList;)Ljava/lang/Iterable; to md6a603e$loliasm$lambda$redirectToJeiSearchTree$6$8 in mixins.searchtree_vanilla.json:MinecraftMixin from mod loliasm
[15:12:30] [main/DEBUG] [CleanMix]: Renaming synthetic method lambda$null$5(Lnet/minecraft/client/gui/recipebook/RecipeList;)Ljava/util/Iterator; to md6a603e$loliasm$lambda$null$5$9 in mixins.searchtree_vanilla.json:MinecraftMixin from mod loliasm
[15:12:30] [main/DEBUG] [CleanMix]: Renaming synthetic method lambda$null$4(Lnet/minecraft/item/crafting/IRecipe;)Lnet/minecraft/util/ResourceLocation; to md6a603e$loliasm$lambda$null$4$a in mixins.searchtree_vanilla.json:MinecraftMixin from mod loliasm
[15:12:30] [main/DEBUG] [CleanMix]: Renaming synthetic method lambda$redirectToJeiSearchTree$3(Lnet/minecraft/client/gui/recipebook/RecipeList;)Ljava/lang/Iterable; to md6a603e$loliasm$lambda$redirectToJeiSearchTree$3$b in mixins.searchtree_vanilla.json:MinecraftMixin from mod loliasm
[15:12:30] [main/DEBUG] [CleanMix]: Renaming synthetic method lambda$null$2(Lnet/minecraft/client/gui/recipebook/RecipeList;)Ljava/util/Iterator; to md6a603e$loliasm$lambda$null$2$c in mixins.searchtree_vanilla.json:MinecraftMixin from mod loliasm
[15:12:30] [main/DEBUG] [CleanMix]: Renaming synthetic method lambda$null$1(Ljava/lang/String;)Z to md6a603e$loliasm$lambda$null$1$d in mixins.searchtree_vanilla.json:MinecraftMixin from mod loliasm
[15:12:30] [main/DEBUG] [CleanMix]: Renaming synthetic method lambda$null$0(Lnet/minecraft/item/crafting/IRecipe;)Ljava/util/stream/Stream; to md6a603e$loliasm$lambda$null$0$e in mixins.searchtree_vanilla.json:MinecraftMixin from mod loliasm
[15:12:30] [main/INFO] [MixinBooter/Audit]: APPLY mixins.searchtree_vanilla.json:MinecraftMixin from mod loliasm -> net.minecraft.client.Minecraft
[15:12:30] [main/DEBUG] [CleanMix]: Mixing MinecraftMixin from mixins.fix_mc186052.json into net.minecraft.client.Minecraft
[15:12:30] [main/INFO] [MixinBooter/Audit]: APPLY mixins.fix_mc186052.json:MinecraftMixin from mod loliasm -> net.minecraft.client.Minecraft
[15:12:30] [main/DEBUG] [CleanMix]: Mixing debug.MixinMinecraft from mixins.renderlib.json into net.minecraft.client.Minecraft
[15:12:30] [main/INFO] [MixinBooter/Audit]: APPLY mixins.renderlib.json:debug.MixinMinecraft from mod renderlib -> net.minecraft.client.Minecraft
[15:12:30] [main/DEBUG] [CleanMix]: Mixing MixinMinecraft from mixins.renderlib.json into net.minecraft.client.Minecraft
[15:12:30] [main/INFO] [MixinBooter/Audit]: APPLY mixins.renderlib.json:MixinMinecraft from mod renderlib -> net.minecraft.client.Minecraft
[15:12:30] [main/DEBUG] [CleanMix]: Mixing MixinMinecraft from mixins.stellar_core_minecraft_resourcepack.json into net.minecraft.client.Minecraft
[15:12:30] [main/INFO] [MixinBooter/Audit]: APPLY mixins.stellar_core_minecraft_resourcepack.json:MixinMinecraft from mod stellarcore -> net.minecraft.client.Minecraft
[15:12:30] [main/DEBUG] [CleanMix]: Mixing MixinMinecraft from mixins.stellar_core_minecraft_world_load.json into net.minecraft.client.Minecraft
[15:12:30] [main/INFO] [MixinBooter/Audit]: APPLY mixins.stellar_core_minecraft_world_load.json:MixinMinecraft from mod stellarcore -> net.minecraft.client.Minecraft
[15:12:30] [main/DEBUG] [CleanMix]: Mixing MixinAbstractResourcePack from mixins.stellar_core_minecraft_resourcepack.json into net.minecraft.client.resources.AbstractResourcePack
[15:12:30] [main/INFO] [MixinBooter/Audit]: APPLY mixins.stellar_core_minecraft_resourcepack.json:MixinAbstractResourcePack from mod stellarcore -> net.minecraft.client.resources.AbstractResourcePack
[15:12:30] [main/DEBUG] [CleanMix]: Mixing MixinFileResourcePack from mixins.stellar_core_minecraft_resourcepack.json into net.minecraft.client.resources.FileResourcePack
[15:12:30] [main/INFO] [MixinBooter/Audit]: APPLY mixins.stellar_core_minecraft_resourcepack.json:MixinFileResourcePack from mod stellarcore -> net.minecraft.client.resources.FileResourcePack
[15:12:31] [main/DEBUG] [CleanMix]: Mixing WorldMixin from mixins.alfheim.json into net.minecraft.world.World
[15:12:31] [main/INFO] [MixinBooter/Audit]: APPLY mixins.alfheim.json:WorldMixin from mod alfheim -> net.minecraft.world.World
[15:12:31] [main/DEBUG] [CleanMix]: Mixing UTWorldMixin from mixins.tweaks.performance.entityradiuscheck.reducesearchsize.json into net.minecraft.world.World
[15:12:31] [main/INFO] [MixinBooter/Audit]: APPLY mixins.tweaks.performance.entityradiuscheck.reducesearchsize.json:UTWorldMixin from mod universaltweaks -> net.minecraft.world.World
[15:12:31] [main/DEBUG] [CleanMix]: Mixing UTWorldMixin from mixins.tweaks.performance.entityradiuscheck.lesscollisions.json into net.minecraft.world.World
[15:12:31] [main/INFO] [MixinBooter/Audit]: APPLY mixins.tweaks.performance.entityradiuscheck.lesscollisions.json:UTWorldMixin from mod universaltweaks -> net.minecraft.world.World
[15:12:31] [main/DEBUG] [CleanMix]: Mixing UTWorldMixin from mixins.bugfixes.entities.entitylists.json into net.minecraft.world.World
[15:12:31] [main/INFO] [MixinBooter/Audit]: APPLY mixins.bugfixes.entities.entitylists.json:UTWorldMixin from mod universaltweaks -> net.minecraft.world.World
[15:12:31] [main/DEBUG] [CleanMix]: Mixing caching.loadable.MixinWorld from mixins.renderlib.json into net.minecraft.world.World
[15:12:31] [main/DEBUG] [CleanMix]: Renaming synthetic method lambda$unloadEntities$0(Lnet/minecraft/entity/Entity;)V to md6a603e$renderlib$lambda$unloadEntities$0$0 in mixins.renderlib.json:caching.loadable.MixinWorld from mod renderlib
[15:12:31] [main/INFO] [MixinBooter/Audit]: APPLY mixins.renderlib.json:caching.loadable.MixinWorld from mod renderlib -> net.minecraft.world.World
[15:12:31] [main/DEBUG] [CleanMix]: Mixing MixinWorld from mixins.renderlib.json into net.minecraft.world.World
[15:12:31] [main/INFO] [MixinBooter/Audit]: APPLY mixins.renderlib.json:MixinWorld from mod renderlib -> net.minecraft.world.World
[15:12:31] [main/DEBUG] [CleanMix]: Mixing MixinWorld from mixins.stellar_core_minecraft_world_pos_judgement.json into net.minecraft.world.World
[15:12:31] [main/INFO] [MixinBooter/Audit]: APPLY mixins.stellar_core_minecraft_world_pos_judgement.json:MixinWorld from mod stellarcore -> net.minecraft.world.World
[15:12:31] [main/DEBUG] [CleanMix]: Mixing UTWorldClientMixin from mixins.bugfixes.entities.entitylists.client.json into net.minecraft.client.multiplayer.WorldClient
[15:12:31] [main/INFO] [MixinBooter/Audit]: APPLY mixins.bugfixes.entities.entitylists.client.json:UTWorldClientMixin from mod universaltweaks -> net.minecraft.client.multiplayer.WorldClient
[15:12:31] [main/DEBUG] [CleanMix]: Mixing MixinWorldClient from mixins.stellar_core_minecraft_worldclient.json into net.minecraft.client.multiplayer.WorldClient
[15:12:31] [main/INFO] [MixinBooter/Audit]: APPLY mixins.stellar_core_minecraft_worldclient.json:MixinWorldClient from mod stellarcore -> net.minecraft.client.multiplayer.WorldClient
[15:12:31] [main/DEBUG] [CleanMix]: Mixing allocation_rate.MixinWorldClient from mixins.vintagefix.json into net.minecraft.client.multiplayer.WorldClient
[15:12:31] [main/INFO] [MixinBooter/Audit]: APPLY mixins.vintagefix.json:allocation_rate.MixinWorldClient from mod vintagefix -> net.minecraft.client.multiplayer.WorldClient
[15:12:31] [main/DEBUG] [CleanMix]: Mixing UTSuffocationMixin from mixins.bugfixes.entities.suffocation.json into net.minecraft.entity.Entity
[15:12:31] [main/INFO] [MixinBooter/Audit]: APPLY mixins.bugfixes.entities.suffocation.json:UTSuffocationMixin from mod universaltweaks -> net.minecraft.entity.Entity
[15:12:31] [main/DEBUG] [CleanMix]: Mixing UTEntityMixin from mixins.bugfixes.entities.desync.json into net.minecraft.entity.Entity
[15:12:31] [main/INFO] [MixinBooter/Audit]: APPLY mixins.bugfixes.entities.desync.json:UTEntityMixin from mod universaltweaks -> net.minecraft.entity.Entity
[15:12:31] [main/DEBUG] [CleanMix]: Mixing UTEntityBoundingBoxMixin from mixins.bugfixes.entities.boundingbox.json into net.minecraft.entity.Entity
[15:12:31] [main/INFO] [MixinBooter/Audit]: APPLY mixins.bugfixes.entities.boundingbox.json:UTEntityBoundingBoxMixin from mod universaltweaks -> net.minecraft.entity.Entity
[15:12:31] [main/DEBUG] [CleanMix]: Mixing UTEntityIDMixin from mixins.bugfixes.entities.entityid.json into net.minecraft.entity.Entity
[15:12:31] [main/INFO] [MixinBooter/Audit]: APPLY mixins.bugfixes.entities.entityid.json:UTEntityIDMixin from mod universaltweaks -> net.minecraft.entity.Entity
[15:12:31] [main/DEBUG] [CleanMix]: Mixing EntityMixin from mixins.crashes.json into net.minecraft.entity.Entity
[15:12:31] [main/DEBUG] [CleanMix]: Renaming synthetic method lambda$onAddEntityCrashInfo$0()Ljava/lang/String; to md6a603e$loliasm$lambda$onAddEntityCrashInfo$0$0 in mixins.crashes.json:EntityMixin from mod loliasm
[15:12:31] [main/INFO] [MixinBooter/Audit]: APPLY mixins.crashes.json:EntityMixin from mod loliasm -> net.minecraft.entity.Entity
[15:12:31] [main/DEBUG] [CleanMix]: Mixing MixinCullable from mixins.entityculling.json into net.minecraft.entity.Entity
[15:12:31] [main/INFO] [MixinBooter/Audit]: APPLY mixins.entityculling.json:MixinCullable from mod entityculling -> net.minecraft.entity.Entity
[15:12:31] [main/DEBUG] [CleanMix]: Mixing caching.boundingbox.MixinEntity from mixins.renderlib.json into net.minecraft.entity.Entity
[15:12:31] [main/INFO] [MixinBooter/Audit]: APPLY mixins.renderlib.json:caching.boundingbox.MixinEntity from mod renderlib -> net.minecraft.entity.Entity
[15:12:31] [main/DEBUG] [CleanMix]: Mixing caching.loadable.MixinEntity from mixins.renderlib.json into net.minecraft.entity.Entity
[15:12:31] [main/INFO] [MixinBooter/Audit]: APPLY mixins.renderlib.json:caching.loadable.MixinEntity from mod renderlib -> net.minecraft.entity.Entity
[15:12:31] [main/DEBUG] [CleanMix]: Mixing caching.renderer.MixinEntity from mixins.renderlib.json into net.minecraft.entity.Entity
[15:12:31] [main/INFO] [MixinBooter/Audit]: APPLY mixins.renderlib.json:caching.renderer.MixinEntity from mod renderlib -> net.minecraft.entity.Entity
[15:12:31] [main/DEBUG] [CleanMix]: Mixing UTAutoJumpMixin from mixins.tweaks.entities.autojump.json into net.minecraft.client.entity.EntityPlayerSP
[15:12:32] [main/INFO] [MixinBooter/Audit]: APPLY mixins.tweaks.entities.autojump.json:UTAutoJumpMixin from mod universaltweaks -> net.minecraft.client.entity.EntityPlayerSP
[15:12:32] [main/DEBUG] [CleanMix]: Mixing UTPlayerWalkingMixin from mixins.bugfixes.blocks.miningglitch.client.json into net.minecraft.client.entity.EntityPlayerSP
[15:12:32] [main/INFO] [MixinBooter/Audit]: APPLY mixins.bugfixes.blocks.miningglitch.client.json:UTPlayerWalkingMixin from mod universaltweaks -> net.minecraft.client.entity.EntityPlayerSP
[15:12:32] [main/DEBUG] [CleanMix]: Mixing UTElytraDeploymentMixin from mixins.bugfixes.entities.elytra.json into net.minecraft.client.entity.EntityPlayerSP
[15:12:32] [main/INFO] [MixinBooter/Audit]: APPLY mixins.bugfixes.entities.elytra.json:UTElytraDeploymentMixin from mod universaltweaks -> net.minecraft.client.entity.EntityPlayerSP
[15:12:32] [main/DEBUG] [CleanMix]: Mixing mc2071.EntityPlayerSPMixin from mixins.resolve_mc2071.json into net.minecraft.client.entity.EntityPlayerSP
[15:12:32] [main/INFO] [MixinBooter/Audit]: APPLY mixins.resolve_mc2071.json:mc2071.EntityPlayerSPMixin from mod loliasm -> net.minecraft.client.entity.EntityPlayerSP
[15:12:32] [main/DEBUG] [CleanMix]: Mixing caching.renderer.MixinAbstractClientPlayer from mixins.renderlib.json into net.minecraft.client.entity.AbstractClientPlayer
[15:12:32] [main/INFO] [MixinBooter/Audit]: APPLY mixins.renderlib.json:caching.renderer.MixinAbstractClientPlayer from mod renderlib -> net.minecraft.client.entity.AbstractClientPlayer
[15:12:32] [main/DEBUG] [CleanMix]: Mixing UTBedObstructionMixin from mixins.tweaks.blocks.bedobstruction.json into net.minecraft.entity.player.EntityPlayer
[15:12:32] [main/INFO] [MixinBooter/Audit]: APPLY mixins.tweaks.blocks.bedobstruction.json:UTBedObstructionMixin from mod universaltweaks -> net.minecraft.entity.player.EntityPlayer
[15:12:32] [main/DEBUG] [CleanMix]: Mixing UTLadderFlyingPlayerMixin from mixins.bugfixes.blocks.ladderflying.json into net.minecraft.entity.player.EntityPlayer
[15:12:32] [main/INFO] [MixinBooter/Audit]: APPLY mixins.bugfixes.blocks.ladderflying.json:UTLadderFlyingPlayerMixin from mod universaltweaks -> net.minecraft.entity.player.EntityPlayer
[15:12:32] [main/DEBUG] [CleanMix]: Mixing UTSaturationMixin from mixins.bugfixes.entities.saturation.json into net.minecraft.entity.player.EntityPlayer
[15:12:32] [main/INFO] [MixinBooter/Audit]: APPLY mixins.bugfixes.entities.saturation.json:UTSaturationMixin from mod universaltweaks -> net.minecraft.entity.player.EntityPlayer
[15:12:32] [main/DEBUG] [CleanMix]: Mixing UTElytraLandingMixin from mixins.bugfixes.entities.elytra.json into net.minecraft.entity.EntityLivingBase
[15:12:32] [main/INFO] [MixinBooter/Audit]: APPLY mixins.bugfixes.entities.elytra.json:UTElytraLandingMixin from mod universaltweaks -> net.minecraft.entity.EntityLivingBase
[15:12:32] [main/DEBUG] [CleanMix]: Mixing UTMaxHealthMixin from mixins.bugfixes.entities.maxhealth.json into net.minecraft.entity.EntityLivingBase
[15:12:32] [main/INFO] [MixinBooter/Audit]: APPLY mixins.bugfixes.entities.maxhealth.json:UTMaxHealthMixin from mod universaltweaks -> net.minecraft.entity.EntityLivingBase
[15:12:32] [main/DEBUG] [CleanMix]: Mixing UTIncurablePotionsMixin from mixins.tweaks.misc.incurablepotions.json into net.minecraft.entity.EntityLivingBase
[15:12:32] [main/INFO] [MixinBooter/Audit]: APPLY mixins.tweaks.misc.incurablepotions.json:UTIncurablePotionsMixin from mod universaltweaks -> net.minecraft.entity.EntityLivingBase
[15:12:32] [main/DEBUG] [CleanMix]: Mixing UTEntityLivingBaseMixin from mixins.tweaks.performance.entityradiuscheck.lesscollisions.json into net.minecraft.entity.EntityLivingBase
[15:12:32] [main/INFO] [MixinBooter/Audit]: APPLY mixins.tweaks.performance.entityradiuscheck.lesscollisions.json:UTEntityLivingBaseMixin from mod universaltweaks -> net.minecraft.entity.EntityLivingBase
[15:12:32] [main/DEBUG] [CleanMix]: Mixing UTDeathTimeMixin from mixins.bugfixes.entities.deathtime.json into net.minecraft.entity.EntityLivingBase
[15:12:32] [main/INFO] [MixinBooter/Audit]: APPLY mixins.bugfixes.entities.deathtime.json:UTDeathTimeMixin from mod universaltweaks -> net.minecraft.entity.EntityLivingBase
[15:12:32] [main/DEBUG] [CleanMix]: Mixing MixinNBTTagCompound from mixins.stellar_core_minecraft_nbtpool.json into net.minecraft.nbt.NBTTagCompound
[15:12:32] [main/INFO] [MixinBooter/Audit]: APPLY mixins.stellar_core_minecraft_nbtpool.json:MixinNBTTagCompound from mod stellarcore -> net.minecraft.nbt.NBTTagCompound
[15:12:32] [main/DEBUG] [CleanMix]: Mixing MixinNBTTagString from mixins.stellar_core_minecraft_nbtpool.json into net.minecraft.nbt.NBTTagString
[15:12:32] [main/INFO] [MixinBooter/Audit]: APPLY mixins.stellar_core_minecraft_nbtpool.json:MixinNBTTagString from mod stellarcore -> net.minecraft.nbt.NBTTagString
[15:12:32] [main/DEBUG] [CleanMix]: Mixing MixinNBTTagList from mixins.stellar_core_minecraft_nbtpool.json into net.minecraft.nbt.NBTTagList
[15:12:32] [main/INFO] [MixinBooter/Audit]: APPLY mixins.stellar_core_minecraft_nbtpool.json:MixinNBTTagList from mod stellarcore -> net.minecraft.nbt.NBTTagList
[15:12:32] [main/DEBUG] [CleanMix]: Mixing UTPotionAmplifierMixin from mixins.bugfixes.misc.potionamplifier.json into net.minecraft.client.renderer.InventoryEffectRenderer
[15:12:32] [main/INFO] [MixinBooter/Audit]: APPLY mixins.bugfixes.misc.potionamplifier.json:UTPotionAmplifierMixin from mod universaltweaks -> net.minecraft.client.renderer.InventoryEffectRenderer
[15:12:32] [main/DEBUG] [CleanMix]: Mixing UTRealmsButtonMainMenuMixin from mixins.tweaks.misc.buttons.realms.json into net.minecraft.client.gui.GuiMainMenu
[15:12:32] [main/INFO] [MixinBooter/Audit]: APPLY mixins.tweaks.misc.buttons.realms.json:UTRealmsButtonMainMenuMixin from mod universaltweaks -> net.minecraft.client.gui.GuiMainMenu
[15:12:32] [main/DEBUG] [CleanMix]: Mixing searchtree.SearchTreeMixin from mixins.vintagefix.json into net.minecraft.client.util.SearchTree
[15:12:32] [main/DEBUG] [CleanMix]: Renaming synthetic method lambda$static$0()Ljava/lang/Boolean; to md6a603e$vintagefix$lambda$static$0$0 in mixins.vintagefix.json:searchtree.SearchTreeMixin from mod vintagefix
[15:12:32] [main/INFO] [MixinBooter/Audit]: APPLY mixins.vintagefix.json:searchtree.SearchTreeMixin from mod vintagefix -> net.minecraft.client.util.SearchTree
[15:12:32] [main/DEBUG] [CleanMix]: Mixing MixinResourceLocation from mixins.stellar_core_minecraft_resourcelocation.json into net.minecraft.util.ResourceLocation
[15:12:32] [main/INFO] [MixinBooter/Audit]: APPLY mixins.stellar_core_minecraft_resourcelocation.json:MixinResourceLocation from mod stellarcore -> net.minecraft.util.ResourceLocation
[15:12:32] [main/DEBUG] [CleanMix]: Mixing UtilMixin from mixins.crashes.json into net.minecraft.util.Util
[15:12:32] [main/INFO] [MixinBooter/Audit]: APPLY mixins.crashes.json:UtilMixin from mod loliasm -> net.minecraft.util.Util
[15:12:33] [Client thread/DEBUG] [CleanMix]: Mixing MinecraftServerMixin from mixins.priorities.json into net.minecraft.server.MinecraftServer
[15:12:33] [Client thread/INFO] [MixinBooter/Audit]: APPLY mixins.priorities.json:MinecraftServerMixin from mod loliasm -> net.minecraft.server.MinecraftServer
[15:12:33] [Client thread/DEBUG] [CleanMix]: Mixing UTWorldServerMixin from mixins.bugfixes.entities.tracker.json into net.minecraft.world.WorldServer
[15:12:33] [Client thread/INFO] [MixinBooter/Audit]: APPLY mixins.bugfixes.entities.tracker.json:UTWorldServerMixin from mod universaltweaks -> net.minecraft.world.WorldServer
[15:12:33] [Client thread/DEBUG] [CleanMix]: Mixing UTSleepResetsWeatherMixin from mixins.bugfixes.entities.sleeping.json into net.minecraft.world.WorldServer
[15:12:33] [Client thread/INFO] [MixinBooter/Audit]: APPLY mixins.bugfixes.entities.sleeping.json:UTSleepResetsWeatherMixin from mod universaltweaks -> net.minecraft.world.WorldServer
[15:12:33] [Client thread/DEBUG] [CleanMix]: Mixing MixinWorldServer from mixins.stellar_core_minecraft_worldserver.json into net.minecraft.world.WorldServer
[15:12:33] [Client thread/INFO] [MixinBooter/Audit]: APPLY mixins.stellar_core_minecraft_worldserver.json:MixinWorldServer from mod stellarcore -> net.minecraft.world.WorldServer
[15:12:33] [Client thread/DEBUG] [CleanMix]: Mixing RegistrySimpleMixin from mixins.registries.json into net.minecraft.util.registry.RegistrySimple
[15:12:33] [Client thread/INFO] [MixinBooter/Audit]: APPLY mixins.registries.json:RegistrySimpleMixin from mod loliasm -> net.minecraft.util.registry.RegistrySimple
[15:12:33] [Client thread/DEBUG] [CleanMix]: Mixing EntityLivingAccessor from mixins.tweaks.entities.despawning.json into net.minecraft.entity.EntityLiving
[15:12:33] [Client thread/INFO] [MixinBooter/Audit]: APPLY mixins.tweaks.entities.despawning.json:EntityLivingAccessor from mod universaltweaks -> net.minecraft.entity.EntityLiving
[15:12:33] [Client thread/INFO] [MixinBooter/Audit]: POSTPROCESS mod.acgaming.universaltweaks.tweaks.entities.despawning.mixin.EntityLivingAccessor
[15:12:33] [Client thread/DEBUG] [CleanMix]: Mixing UTHorseFallingMixin from mixins.bugfixes.entities.horsefalling.json into net.minecraft.entity.passive.AbstractHorse
[15:12:33] [Client thread/INFO] [MixinBooter/Audit]: APPLY mixins.bugfixes.entities.horsefalling.json:UTHorseFallingMixin from mod universaltweaks -> net.minecraft.entity.passive.AbstractHorse
[15:12:33] [Client thread/DEBUG] [CleanMix]: Mixing MixinDefaultResourcePack from mixins.stellar_core_minecraft_resourcepack.json into net.minecraft.client.resources.DefaultResourcePack
[15:12:33] [Client thread/INFO] [MixinBooter/Audit]: APPLY mixins.stellar_core_minecraft_resourcepack.json:MixinDefaultResourcePack from mod stellarcore -> net.minecraft.client.resources.DefaultResourcePack
[15:12:34] [Client thread/DEBUG] [CleanMix]: Mixing UTPrefixCheckMixin from mixins.tweaks.performance.prefixcheck.json into net.minecraftforge.registries.GameData
[15:12:34] [Client thread/INFO] [MixinBooter/Audit]: APPLY mixins.tweaks.performance.prefixcheck.json:UTPrefixCheckMixin from mod universaltweaks -> net.minecraftforge.registries.GameData
[15:12:34] [Client thread/DEBUG] [CleanMix]: Mixing BlockMixin from mixins.alfheim.json into net.minecraft.block.Block
[15:12:34] [Client thread/INFO] [MixinBooter/Audit]: APPLY mixins.alfheim.json:BlockMixin from mod alfheim -> net.minecraft.block.Block
[15:12:34] [Client thread/DEBUG] [CleanMix]: Mixing allocation_rate.MixinBlock from mixins.vintagefix.json into net.minecraft.block.Block
[15:12:34] [Client thread/INFO] [MixinBooter/Audit]: APPLY mixins.vintagefix.json:allocation_rate.MixinBlock from mod vintagefix -> net.minecraft.block.Block
[15:12:34] [Client thread/DEBUG] [CleanMix]: Mixing UTItemMixin from mixins.tweaks.items.itementities.server.json into net.minecraft.item.Item
[15:12:34] [Client thread/INFO] [MixinBooter/Audit]: APPLY mixins.tweaks.items.itementities.server.json:UTItemMixin from mod universaltweaks -> net.minecraft.item.Item
[15:12:35] [Client thread/DEBUG] [CleanMix]: Mixing UTPotionDurationMixin from mixins.tweaks.misc.gui.potionduration.json into net.minecraft.potion.Potion
[15:12:35] [Client thread/INFO] [MixinBooter/Audit]: APPLY mixins.tweaks.misc.gui.potionduration.json:UTPotionDurationMixin from mod universaltweaks -> net.minecraft.potion.Potion
[15:12:35] [Client thread/DEBUG] [CleanMix]: Mixing allocation_rate.MixinBiome from mixins.vintagefix.json into net.minecraft.world.biome.Biome
[15:12:35] [Client thread/DEBUG] [CleanMix]: Renaming synthetic method lambda$new$2()Lnet/minecraftforge/event/terraingen/BiomeEvent$GetFoliageColor; to md6a603e$vintagefix$lambda$new$2$0 in mixins.vintagefix.json:allocation_rate.MixinBiome from mod vintagefix
[15:12:35] [Client thread/DEBUG] [CleanMix]: Renaming synthetic method lambda$new$1()Lnet/minecraftforge/event/terraingen/BiomeEvent$GetGrassColor; to md6a603e$vintagefix$lambda$new$1$1 in mixins.vintagefix.json:allocation_rate.MixinBiome from mod vintagefix
[15:12:35] [Client thread/DEBUG] [CleanMix]: Renaming synthetic method lambda$new$0()Lnet/minecraftforge/event/terraingen/BiomeEvent$GetWaterColor; to md6a603e$vintagefix$lambda$new$0$2 in mixins.vintagefix.json:allocation_rate.MixinBiome from mod vintagefix
[15:12:35] [Client thread/INFO] [MixinBooter/Audit]: APPLY mixins.vintagefix.json:allocation_rate.MixinBiome from mod vintagefix -> net.minecraft.world.biome.Biome
[15:12:35] [Client thread/DEBUG] [CleanMix]: Mixing EntityEntryMixin from mixins.forgefixes.json into net.minecraftforge.fml.common.registry.EntityEntry
[15:12:35] [Client thread/INFO] [MixinBooter/Audit]: APPLY mixins.forgefixes.json:EntityEntryMixin from mod loliasm -> net.minecraftforge.fml.common.registry.EntityEntry
[15:12:35] [Client thread/DEBUG] [CleanMix]: Mixing allocation_rate.MixinRegistryDelegate from mixins.vintagefix.json into net.minecraftforge.registries.RegistryDelegate
[15:12:35] [Client thread/INFO] [MixinBooter/Audit]: APPLY mixins.vintagefix.json:allocation_rate.MixinRegistryDelegate from mod vintagefix -> net.minecraftforge.registries.RegistryDelegate
[15:12:35] [Client thread/DEBUG] [CleanMix]: Mixing BlockPosMixin from mixins.efficienthashing.json into net.minecraft.util.math.BlockPos
[15:12:35] [Client thread/INFO] [MixinBooter/Audit]: APPLY mixins.efficienthashing.json:BlockPosMixin from mod loliasm -> net.minecraft.util.math.BlockPos
[15:12:35] [Client thread/DEBUG] [CleanMix]: Mixing UTEntityItemMixin from mixins.tweaks.items.itementities.server.json into net.minecraft.entity.item.EntityItem
[15:12:35] [Client thread/INFO] [MixinBooter/Audit]: APPLY mixins.tweaks.items.itementities.server.json:UTEntityItemMixin from mod universaltweaks -> net.minecraft.entity.item.EntityItem
[15:12:35] [Client thread/DEBUG] [CleanMix]: Mixing MixinAxisAlignedBB from mixins.stellar_core_minecraft_phys.json into net.minecraft.util.math.AxisAlignedBB
[15:12:35] [Client thread/INFO] [MixinBooter/Audit]: APPLY mixins.stellar_core_minecraft_phys.json:MixinAxisAlignedBB from mod stellarcore -> net.minecraft.util.math.AxisAlignedBB
[15:12:35] [Client thread/DEBUG] [CleanMix]: Mixing MixinNonNullList from mixins.stellar_core_minecraft_nnlist.json into net.minecraft.util.NonNullList
[15:12:35] [Client thread/INFO] [MixinBooter/Audit]: APPLY mixins.stellar_core_minecraft_nnlist.json:MixinNonNullList from mod stellarcore -> net.minecraft.util.NonNullList
[15:12:35] [Client thread/DEBUG] [CleanMix]: Mixing BlockStateContainerMixin from mixins.alfheim.json into net.minecraft.block.state.BlockStateContainer
[15:12:35] [Client thread/INFO] [MixinBooter/Audit]: APPLY mixins.alfheim.json:BlockStateContainerMixin from mod alfheim -> net.minecraft.block.state.BlockStateContainer
[15:12:35] [Client thread/DEBUG] [CleanMix]: Mixing blockstates.BlockStateContainerMixin from mixins.vintagefix.json into net.minecraft.block.state.BlockStateContainer
[15:12:35] [Client thread/INFO] [MixinBooter/Audit]: APPLY mixins.vintagefix.json:blockstates.BlockStateContainerMixin from mod vintagefix -> net.minecraft.block.state.BlockStateContainer
[15:12:35] [Client thread/DEBUG] [CleanMix]: Mixing BlockStateContainerMixin$StateImplementationMixin from mixins.alfheim.json into net.minecraft.block.state.BlockStateContainer$StateImplementation
[15:12:35] [Client thread/INFO] [MixinBooter/Audit]: APPLY mixins.alfheim.json:BlockStateContainerMixin$StateImplementationMixin from mod alfheim -> net.minecraft.block.state.BlockStateContainer$StateImplementation
[15:12:35] [Client thread/DEBUG] [CleanMix]: Mixing MixinStateImplementation from mixins.stellar_core_minecraft_blockstateimpl.json into net.minecraft.block.state.BlockStateContainer$StateImplementation
[15:12:35] [Client thread/INFO] [MixinBooter/Audit]: APPLY mixins.stellar_core_minecraft_blockstateimpl.json:MixinStateImplementation from mod stellarcore -> net.minecraft.block.state.BlockStateContainer$StateImplementation
[15:12:35] [Client thread/DEBUG] [CleanMix]: Mixing blockstates.FastMapStateHolderMixin from mixins.vintagefix.json into net.minecraft.block.state.BlockStateContainer$StateImplementation
[15:12:35] [Client thread/INFO] [MixinBooter/Audit]: APPLY mixins.vintagefix.json:blockstates.FastMapStateHolderMixin from mod vintagefix -> net.minecraft.block.state.BlockStateContainer$StateImplementation
[15:12:35] [Client thread/DEBUG] [CleanMix]: Mixing blockstates.PropertyEnumMixin from mixins.vintagefix.json into net.minecraft.block.properties.PropertyEnum
[15:12:35] [Client thread/INFO] [MixinBooter/Audit]: APPLY mixins.vintagefix.json:blockstates.PropertyEnumMixin from mod vintagefix -> net.minecraft.block.properties.PropertyEnum
[15:12:35] [Client thread/DEBUG] [CleanMix]: Mixing MixinPropertyEnum from mixins.stellar_core_minecraft_property.json into net.minecraft.block.properties.PropertyEnum
[15:12:35] [Client thread/INFO] [MixinBooter/Audit]: APPLY mixins.stellar_core_minecraft_property.json:MixinPropertyEnum from mod stellarcore -> net.minecraft.block.properties.PropertyEnum
[15:12:35] [Client thread/DEBUG] [CleanMix]: Mixing blockstates.PropertyBoolMixin from mixins.vintagefix.json into net.minecraft.block.properties.PropertyBool
[15:12:35] [Client thread/INFO] [MixinBooter/Audit]: APPLY mixins.vintagefix.json:blockstates.PropertyBoolMixin from mod vintagefix -> net.minecraft.block.properties.PropertyBool
[15:12:36] [Client thread/DEBUG] [CleanMix]: Mixing UTFasterBackgroundStartupMixin from mixins.bugfixes.misc.startup.json into net.minecraft.item.ItemStack
[15:12:36] [Client thread/INFO] [MixinBooter/Audit]: APPLY mixins.bugfixes.misc.startup.json:UTFasterBackgroundStartupMixin from mod universaltweaks -> net.minecraft.item.ItemStack
[15:12:36] [Client thread/DEBUG] [CleanMix]: Mixing ItemStackMixin from mixins.internal.json into net.minecraft.item.ItemStack
[15:12:36] [Client thread/INFO] [MixinBooter/Audit]: APPLY mixins.internal.json:ItemStackMixin from mod loliasm -> net.minecraft.item.ItemStack
[15:12:36] [Client thread/DEBUG] [CleanMix]: Mixing ItemStackMixin from mixins.stripitemstack.json into net.minecraft.item.ItemStack
[15:12:36] [Client thread/INFO] [MixinBooter/Audit]: APPLY mixins.stripitemstack.json:ItemStackMixin from mod loliasm -> net.minecraft.item.ItemStack
[15:12:36] [Client thread/DEBUG] [CleanMix]: Mixing ItemStackMixin from mixins.capability.json into net.minecraft.item.ItemStack
[15:12:36] [Client thread/INFO] [MixinBooter/Audit]: APPLY mixins.capability.json:ItemStackMixin from mod loliasm -> net.minecraft.item.ItemStack
[15:12:36] [Client thread/DEBUG] [CleanMix]: Mixing UTSaplingMixin from mixins.tweaks.blocks.sapling.json into net.minecraft.block.BlockSapling
[15:12:36] [Client thread/INFO] [MixinBooter/Audit]: APPLY mixins.tweaks.blocks.sapling.json:UTSaplingMixin from mod universaltweaks -> net.minecraft.block.BlockSapling
[15:12:36] [Client thread/DEBUG] [CleanMix]: Mixing allocation_rate.MixinBlockLiquid from mixins.vintagefix.json into net.minecraft.block.BlockLiquid
[15:12:36] [Client thread/INFO] [MixinBooter/Audit]: APPLY mixins.vintagefix.json:allocation_rate.MixinBlockLiquid from mod vintagefix -> net.minecraft.block.BlockLiquid
[15:12:36] [Client thread/DEBUG] [CleanMix]: Mixing UTFallingBlockDamageMixin from mixins.bugfixes.blocks.falling.json into net.minecraft.entity.item.EntityFallingBlock
[15:12:36] [Client thread/INFO] [MixinBooter/Audit]: APPLY mixins.bugfixes.blocks.falling.json:UTFallingBlockDamageMixin from mod universaltweaks -> net.minecraft.entity.item.EntityFallingBlock
[15:12:36] [Client thread/DEBUG] [CleanMix]: Mixing UTLeafDecayMixin from mixins.tweaks.blocks.leafdecay.json into net.minecraft.block.BlockLeaves
[15:12:36] [Client thread/INFO] [MixinBooter/Audit]: APPLY mixins.tweaks.blocks.leafdecay.json:UTLeafDecayMixin from mod universaltweaks -> net.minecraft.block.BlockLeaves
[15:12:36] [Client thread/DEBUG] [CleanMix]: Mixing TileEntityMixin from mixins.internal.json into net.minecraft.tileentity.TileEntity
[15:12:36] [Client thread/INFO] [MixinBooter/Audit]: APPLY mixins.internal.json:TileEntityMixin from mod loliasm -> net.minecraft.tileentity.TileEntity
[15:12:36] [Client thread/DEBUG] [CleanMix]: Mixing TileEntityMixin from mixins.crashes.json into net.minecraft.tileentity.TileEntity
[15:12:36] [Client thread/DEBUG] [CleanMix]: Renaming synthetic method lambda$onAddEntityCrashInfo$0()Ljava/lang/String; to md6a603e$loliasm$lambda$onAddEntityCrashInfo$0$0 in mixins.crashes.json:TileEntityMixin from mod loliasm
[15:12:36] [Client thread/INFO] [MixinBooter/Audit]: APPLY mixins.crashes.json:TileEntityMixin from mod loliasm -> net.minecraft.tileentity.TileEntity
[15:12:36] [Client thread/DEBUG] [CleanMix]: Mixing MixinCullable from mixins.entityculling.json into net.minecraft.tileentity.TileEntity
[15:12:36] [Client thread/INFO] [MixinBooter/Audit]: APPLY mixins.entityculling.json:MixinCullable from mod entityculling -> net.minecraft.tileentity.TileEntity
[15:12:36] [Client thread/DEBUG] [CleanMix]: Mixing caching.boundingbox.MixinTileEntity from mixins.renderlib.json into net.minecraft.tileentity.TileEntity
[15:12:36] [Client thread/INFO] [MixinBooter/Audit]: APPLY mixins.renderlib.json:caching.boundingbox.MixinTileEntity from mod renderlib -> net.minecraft.tileentity.TileEntity
[15:12:36] [Client thread/DEBUG] [CleanMix]: Mixing caching.loadable.MixinTileEntity from mixins.renderlib.json into net.minecraft.tileentity.TileEntity
[15:12:36] [Client thread/INFO] [MixinBooter/Audit]: APPLY mixins.renderlib.json:caching.loadable.MixinTileEntity from mod renderlib -> net.minecraft.tileentity.TileEntity
[15:12:36] [Client thread/DEBUG] [CleanMix]: Mixing caching.renderer.MixinTileEntity from mixins.renderlib.json into net.minecraft.tileentity.TileEntity
[15:12:36] [Client thread/INFO] [MixinBooter/Audit]: APPLY mixins.renderlib.json:caching.renderer.MixinTileEntity from mod renderlib -> net.minecraft.tileentity.TileEntity
[15:12:36] [Client thread/DEBUG] [CleanMix]: Mixing MixinTileEntity from mixins.renderlib.json into net.minecraft.tileentity.TileEntity
[15:12:36] [Client thread/INFO] [MixinBooter/Audit]: APPLY mixins.renderlib.json:MixinTileEntity from mod renderlib -> net.minecraft.tileentity.TileEntity
[15:12:36] [Client thread/DEBUG] [CleanMix]: Mixing MixinTileEntity from mixins.entityculling.json into net.minecraft.tileentity.TileEntity
[15:12:36] [Client thread/INFO] [MixinBooter/Audit]: APPLY mixins.entityculling.json:MixinTileEntity from mod entityculling -> net.minecraft.tileentity.TileEntity
[15:12:36] [Client thread/DEBUG] [CleanMix]: Mixing UTPistonTileMixin from mixins.bugfixes.blocks.piston.tile.json into net.minecraft.tileentity.TileEntityPiston
[15:12:36] [Client thread/INFO] [MixinBooter/Audit]: APPLY mixins.bugfixes.blocks.piston.tile.json:UTPistonTileMixin from mod universaltweaks -> net.minecraft.tileentity.TileEntityPiston
[15:12:36] [Client thread/DEBUG] [CleanMix]: Mixing UTEntityTilePistonMixin from mixins.bugfixes.entities.entitylists.json into net.minecraft.tileentity.TileEntityPiston
[15:12:36] [Client thread/INFO] [MixinBooter/Audit]: APPLY mixins.bugfixes.entities.entitylists.json:UTEntityTilePistonMixin from mod universaltweaks -> net.minecraft.tileentity.TileEntityPiston
[15:12:36] [Client thread/DEBUG] [CleanMix]: Mixing MixinTileEntityPiston from mixins.renderlib.json into net.minecraft.tileentity.TileEntityPiston
[15:12:36] [Client thread/INFO] [MixinBooter/Audit]: APPLY mixins.renderlib.json:MixinTileEntityPiston from mod renderlib -> net.minecraft.tileentity.TileEntityPiston
[15:12:36] [Client thread/DEBUG] [CleanMix]: Mixing BlockSlabMixin from mixins.alfheim.json into net.minecraft.block.BlockSlab
[15:12:36] [Client thread/INFO] [MixinBooter/Audit]: APPLY mixins.alfheim.json:BlockSlabMixin from mod alfheim -> net.minecraft.block.BlockSlab
[15:12:36] [Client thread/DEBUG] [CleanMix]: Mixing BlockStairsMixin from mixins.alfheim.json into net.minecraft.block.BlockStairs
[15:12:36] [Client thread/INFO] [MixinBooter/Audit]: APPLY mixins.alfheim.json:BlockStairsMixin from mod alfheim -> net.minecraft.block.BlockStairs
[15:12:36] [Client thread/DEBUG] [CleanMix]: Mixing MixinTileEntityChest from mixins.renderlib.json into net.minecraft.tileentity.TileEntityChest
[15:12:36] [Client thread/INFO] [MixinBooter/Audit]: APPLY mixins.renderlib.json:MixinTileEntityChest from mod renderlib -> net.minecraft.tileentity.TileEntityChest
[15:12:36] [Client thread/DEBUG] [CleanMix]: Mixing MixinTileEntitySign from mixins.renderlib.json into net.minecraft.tileentity.TileEntitySign
[15:12:36] [Client thread/INFO] [MixinBooter/Audit]: APPLY mixins.renderlib.json:MixinTileEntitySign from mod renderlib -> net.minecraft.tileentity.TileEntitySign
[15:12:37] [Client thread/DEBUG] [CleanMix]: Mixing UTMobDespawnMixin from mixins.tweaks.entities.despawning.json into net.minecraft.entity.monster.EntityMob
[15:12:37] [Client thread/INFO] [MixinBooter/Audit]: APPLY mixins.tweaks.entities.despawning.json:UTMobDespawnMixin from mod universaltweaks -> net.minecraft.entity.monster.EntityMob
[15:12:37] [Client thread/DEBUG] [CleanMix]: Mixing UTAttackRadiusMixin from mixins.bugfixes.entities.attackradius.json into net.minecraft.entity.monster.EntityMob
[15:12:37] [Client thread/INFO] [MixinBooter/Audit]: APPLY mixins.bugfixes.entities.attackradius.json:UTAttackRadiusMixin from mod universaltweaks -> net.minecraft.entity.monster.EntityMob
[15:12:37] [Client thread/DEBUG] [CleanMix]: Mixing MixinTileEntityEnchantingTable from mixins.renderlib.json into net.minecraft.tileentity.TileEntityEnchantmentTable
[15:12:37] [Client thread/INFO] [MixinBooter/Audit]: APPLY mixins.renderlib.json:MixinTileEntityEnchantingTable from mod renderlib -> net.minecraft.tileentity.TileEntityEnchantmentTable
[15:12:37] [Client thread/DEBUG] [CleanMix]: Mixing UTEndPortalMixin from mixins.tweaks.blocks.endportal.json into net.minecraft.block.BlockEndPortal
[15:12:37] [Client thread/INFO] [MixinBooter/Audit]: APPLY mixins.tweaks.blocks.endportal.json:UTEndPortalMixin from mod universaltweaks -> net.minecraft.block.BlockEndPortal
[15:12:37] [Client thread/DEBUG] [CleanMix]: Mixing UTTileEntityEndPortalMixin from mixins.tweaks.blocks.endportal.json into net.minecraft.tileentity.TileEntityEndPortal
[15:12:37] [Client thread/INFO] [MixinBooter/Audit]: APPLY mixins.tweaks.blocks.endportal.json:UTTileEntityEndPortalMixin from mod universaltweaks -> net.minecraft.tileentity.TileEntityEndPortal
[15:12:37] [Client thread/DEBUG] [CleanMix]: Mixing MixinTileEntityEnderChest from mixins.renderlib.json into net.minecraft.tileentity.TileEntityEnderChest
[15:12:37] [Client thread/INFO] [MixinBooter/Audit]: APPLY mixins.renderlib.json:MixinTileEntityEnderChest from mod renderlib -> net.minecraft.tileentity.TileEntityEnderChest
[15:12:37] [Client thread/DEBUG] [CleanMix]: Mixing MixinTileEntityBeacon from mixins.renderlib.json into net.minecraft.tileentity.TileEntityBeacon
[15:12:37] [Client thread/INFO] [MixinBooter/Audit]: APPLY mixins.renderlib.json:MixinTileEntityBeacon from mod renderlib -> net.minecraft.tileentity.TileEntityBeacon
[15:12:37] [Client thread/DEBUG] [CleanMix]: Mixing MixinTileEntitySkull from mixins.renderlib.json into net.minecraft.tileentity.TileEntitySkull
[15:12:37] [Client thread/INFO] [MixinBooter/Audit]: APPLY mixins.renderlib.json:MixinTileEntitySkull from mod renderlib -> net.minecraft.tileentity.TileEntitySkull
[15:12:37] [Client thread/DEBUG] [CleanMix]: Mixing UTComparatorTimingMixin from mixins.bugfixes.blocks.comparatortiming.json into net.minecraft.block.BlockRedstoneComparator
[15:12:37] [Client thread/INFO] [MixinBooter/Audit]: APPLY mixins.bugfixes.blocks.comparatortiming.json:UTComparatorTimingMixin from mod universaltweaks -> net.minecraft.block.BlockRedstoneComparator
[15:12:37] [Client thread/DEBUG] [CleanMix]: Mixing UTHopperBoundingBoxMixin from mixins.bugfixes.blocks.hopper.boundingbox.json into net.minecraft.block.BlockHopper
[15:12:37] [Client thread/DEBUG] [CleanMix]: Renaming synthetic method lambda$collisionRayTrace$5(Lnet/minecraft/util/math/BlockPos;Lnet/minecraft/util/math/Vec3d;Lnet/minecraft/util/math/Vec3d;Lnet/minecraft/util/math/AxisAlignedBB;)Lnet/minecraft/util/math/RayTraceResult; to md6a603e$universaltwe$lambda$collisionRayTrace$5$0 in mixins.bugfixes.blocks.hopper.boundingbox.json:UTHopperBoundingBoxMixin from mod universaltweaks
[15:12:37] [Client thread/DEBUG] [CleanMix]: Renaming synthetic method lambda$static$4()Ljava/util/EnumMap; to md6a603e$universaltwe$lambda$static$4$1 in mixins.bugfixes.blocks.hopper.boundingbox.json:UTHopperBoundingBoxMixin from mod universaltweaks
[15:12:37] [Client thread/DEBUG] [CleanMix]: Renaming synthetic method lambda$static$3(Ljava/util/List;Ljava/util/List;)Ljava/util/List; to md6a603e$universaltwe$lambda$static$3$2 in mixins.bugfixes.blocks.hopper.boundingbox.json:UTHopperBoundingBoxMixin from mod universaltweaks
[15:12:37] [Client thread/DEBUG] [CleanMix]: Renaming synthetic method lambda$static$2(Ljava/util/List;Lnet/minecraft/util/EnumFacing;)Ljava/util/List; to md6a603e$universaltwe$lambda$static$2$3 in mixins.bugfixes.blocks.hopper.boundingbox.json:UTHopperBoundingBoxMixin from mod universaltweaks
[15:12:37] [Client thread/DEBUG] [CleanMix]: Renaming synthetic method lambda$static$1(Lnet/minecraft/util/EnumFacing;)Lnet/minecraft/util/EnumFacing; to md6a603e$universaltwe$lambda$static$1$4 in mixins.bugfixes.blocks.hopper.boundingbox.json:UTHopperBoundingBoxMixin from mod universaltweaks
[15:12:37] [Client thread/DEBUG] [CleanMix]: Renaming synthetic method lambda$static$0(Lnet/minecraft/util/EnumFacing;)Z to md6a603e$universaltwe$lambda$static$0$5 in mixins.bugfixes.blocks.hopper.boundingbox.json:UTHopperBoundingBoxMixin from mod universaltweaks
[15:12:37] [Client thread/INFO] [MixinBooter/Audit]: APPLY mixins.bugfixes.blocks.hopper.boundingbox.json:UTHopperBoundingBoxMixin from mod universaltweaks -> net.minecraft.block.BlockHopper
[15:12:37] [Client thread/DEBUG] [CleanMix]: Mixing UTHopperTileMixin from mixins.bugfixes.blocks.hopper.tile.json into net.minecraft.tileentity.TileEntityHopper
[15:12:37] [Client thread/INFO] [MixinBooter/Audit]: APPLY mixins.bugfixes.blocks.hopper.tile.json:UTHopperTileMixin from mod universaltweaks -> net.minecraft.tileentity.TileEntityHopper
[15:12:37] [Client thread/DEBUG] [CleanMix]: Mixing MixinTileEntityBanner from mixins.renderlib.json into net.minecraft.tileentity.TileEntityBanner
[15:12:37] [Client thread/INFO] [MixinBooter/Audit]: APPLY mixins.renderlib.json:MixinTileEntityBanner from mod renderlib -> net.minecraft.tileentity.TileEntityBanner
[15:12:37] [Client thread/DEBUG] [CleanMix]: Mixing UTLenientPathsBlockMixin from mixins.tweaks.blocks.lenientpaths.json into net.minecraft.block.BlockGrassPath
[15:12:37] [Client thread/INFO] [MixinBooter/Audit]: APPLY mixins.tweaks.blocks.lenientpaths.json:UTLenientPathsBlockMixin from mod universaltweaks -> net.minecraft.block.BlockGrassPath
[15:12:37] [Client thread/DEBUG] [CleanMix]: Mixing MixinTileEntityShulkerBox from mixins.renderlib.json into net.minecraft.tileentity.TileEntityShulkerBox
[15:12:37] [Client thread/INFO] [MixinBooter/Audit]: APPLY mixins.renderlib.json:MixinTileEntityShulkerBox from mod renderlib -> net.minecraft.tileentity.TileEntityShulkerBox
[15:12:37] [Client thread/DEBUG] [CleanMix]: Mixing MixinTileEntityStructure from mixins.renderlib.json into net.minecraft.tileentity.TileEntityStructure
[15:12:37] [Client thread/INFO] [MixinBooter/Audit]: APPLY mixins.renderlib.json:MixinTileEntityStructure from mod renderlib -> net.minecraft.tileentity.TileEntityStructure
[15:12:38] [Client thread/DEBUG] [CleanMix]: Mixing UTLenientPathsShovelMixin from mixins.tweaks.blocks.lenientpaths.json into net.minecraft.item.ItemSpade
[15:12:38] [Client thread/INFO] [MixinBooter/Audit]: APPLY mixins.tweaks.blocks.lenientpaths.json:UTLenientPathsShovelMixin from mod universaltweaks -> net.minecraft.item.ItemSpade
[15:12:38] [Client thread/DEBUG] [CleanMix]: Mixing UTBlockFireMixin from mixins.bugfixes.entities.blockfire.json into net.minecraft.entity.projectile.EntityArrow
[15:12:38] [Client thread/INFO] [MixinBooter/Audit]: APPLY mixins.bugfixes.entities.blockfire.json:UTBlockFireMixin from mod universaltweaks -> net.minecraft.entity.projectile.EntityArrow
[15:12:38] [Client thread/DEBUG] [CleanMix]: Mixing UTEntityTippedArrowMixin from mixins.bugfixes.entities.untippedarrowparticles.json into net.minecraft.entity.projectile.EntityTippedArrow
[15:12:38] [Client thread/INFO] [MixinBooter/Audit]: APPLY mixins.bugfixes.entities.untippedarrowparticles.json:UTEntityTippedArrowMixin from mod universaltweaks -> net.minecraft.entity.projectile.EntityTippedArrow
[15:12:38] [Client thread/DEBUG] [CleanMix]: Mixing UTItemFrameVoidMixin from mixins.bugfixes.blocks.itemframevoid.json into net.minecraft.entity.item.EntityItemFrame
[15:12:38] [Client thread/INFO] [MixinBooter/Audit]: APPLY mixins.bugfixes.blocks.itemframevoid.json:UTItemFrameVoidMixin from mod universaltweaks -> net.minecraft.entity.item.EntityItemFrame
[15:12:38] [Client thread/DEBUG] [CleanMix]: Mixing UTMinecartAIMixin from mixins.bugfixes.entities.minecart.json into net.minecraft.entity.item.EntityMinecart
[15:12:38] [Client thread/INFO] [MixinBooter/Audit]: APPLY mixins.bugfixes.entities.minecart.json:UTMinecartAIMixin from mod universaltweaks -> net.minecraft.entity.item.EntityMinecart
[15:12:38] [Client thread/DEBUG] [CleanMix]: Mixing UTBoatOffsetMixin from mixins.bugfixes.entities.boatoffset.json into net.minecraft.entity.item.EntityBoat
[15:12:38] [Client thread/INFO] [MixinBooter/Audit]: APPLY mixins.bugfixes.entities.boatoffset.json:UTBoatOffsetMixin from mod universaltweaks -> net.minecraft.entity.item.EntityBoat
[15:12:38] [Client thread/DEBUG] [CleanMix]: Mixing UTDestroyPacketMixin from mixins.bugfixes.entities.destroypacket.json into net.minecraft.entity.player.EntityPlayerMP
[15:12:38] [Client thread/INFO] [MixinBooter/Audit]: APPLY mixins.bugfixes.entities.destroypacket.json:UTDestroyPacketMixin from mod universaltweaks -> net.minecraft.entity.player.EntityPlayerMP
[15:12:38] [Client thread/DEBUG] [CleanMix]: Mixing UTDimensionChangeMixin from mixins.bugfixes.entities.dimensionchange.json into net.minecraft.entity.player.EntityPlayerMP
[15:12:38] [Client thread/INFO] [MixinBooter/Audit]: APPLY mixins.bugfixes.entities.dimensionchange.json:UTDimensionChangeMixin from mod universaltweaks -> net.minecraft.entity.player.EntityPlayerMP
[15:12:38] [Client thread/DEBUG] [CleanMix]: Mixing UTMountDesyncMixin from mixins.bugfixes.entities.mount.json into net.minecraft.entity.player.EntityPlayerMP
[15:12:38] [Client thread/INFO] [MixinBooter/Audit]: APPLY mixins.bugfixes.entities.mount.json:UTMountDesyncMixin from mod universaltweaks -> net.minecraft.entity.player.EntityPlayerMP
[15:12:38] [Client thread/DEBUG] [CleanMix]: Mixing MixinNBTTagDouble from mixins.stellar_core_minecraft_nbtpool.json into net.minecraft.nbt.NBTTagDouble
[15:12:38] [Client thread/INFO] [MixinBooter/Audit]: APPLY mixins.stellar_core_minecraft_nbtpool.json:MixinNBTTagDouble from mod stellarcore -> net.minecraft.nbt.NBTTagDouble
[15:12:38] [Client thread/DEBUG] [CleanMix]: Mixing MixinNBTTagFloat from mixins.stellar_core_minecraft_nbtpool.json into net.minecraft.nbt.NBTTagFloat
[15:12:38] [Client thread/INFO] [MixinBooter/Audit]: APPLY mixins.stellar_core_minecraft_nbtpool.json:MixinNBTTagFloat from mod stellarcore -> net.minecraft.nbt.NBTTagFloat
[15:12:38] [Client thread/DEBUG] [CleanMix]: Mixing UTSaddledWanderingMixin from mixins.tweaks.entities.ai.saddledwandering.json into net.minecraft.entity.ai.EntityAIWander
[15:12:38] [Client thread/INFO] [MixinBooter/Audit]: APPLY mixins.tweaks.entities.ai.saddledwandering.json:UTSaddledWanderingMixin from mod universaltweaks -> net.minecraft.entity.ai.EntityAIWander
[15:12:39] [Client thread/DEBUG] [CleanMix]: Mixing UTBurningSkeletonsMixin from mixins.tweaks.entities.burning.mobs.json into net.minecraft.entity.monster.AbstractSkeleton
[15:12:39] [Client thread/INFO] [MixinBooter/Audit]: APPLY mixins.tweaks.entities.burning.mobs.json:UTBurningSkeletonsMixin from mod universaltweaks -> net.minecraft.entity.monster.AbstractSkeleton
[15:12:39] [Client thread/DEBUG] [CleanMix]: Mixing UTSkeletonAimMixin from mixins.bugfixes.entities.skeletonaim.json into net.minecraft.entity.ai.EntityAIAttackRangedBow
[15:12:39] [Client thread/INFO] [MixinBooter/Audit]: APPLY mixins.bugfixes.entities.skeletonaim.json:UTSkeletonAimMixin from mod universaltweaks -> net.minecraft.entity.ai.EntityAIAttackRangedBow
[15:12:39] [Client thread/DEBUG] [CleanMix]: Mixing UTStraySpawningMixin from mixins.tweaks.entities.spawning.stray.json into net.minecraft.entity.monster.EntityStray
[15:12:39] [Client thread/INFO] [MixinBooter/Audit]: APPLY mixins.tweaks.entities.spawning.stray.json:UTStraySpawningMixin from mod universaltweaks -> net.minecraft.entity.monster.EntityStray
[15:12:39] [Client thread/DEBUG] [CleanMix]: Mixing UTHuskSpawningMixin from mixins.tweaks.entities.spawning.husk.json into net.minecraft.entity.monster.EntityHusk
[15:12:39] [Client thread/INFO] [MixinBooter/Audit]: APPLY mixins.tweaks.entities.spawning.husk.json:UTHuskSpawningMixin from mod universaltweaks -> net.minecraft.entity.monster.EntityHusk
[15:12:39] [Client thread/DEBUG] [CleanMix]: Mixing UTBurningBabyZombiesMixin from mixins.tweaks.entities.burning.mobs.json into net.minecraft.entity.monster.EntityZombie
[15:12:39] [Client thread/INFO] [MixinBooter/Audit]: APPLY mixins.tweaks.entities.burning.mobs.json:UTBurningBabyZombiesMixin from mod universaltweaks -> net.minecraft.entity.monster.EntityZombie
[15:12:39] [Client thread/DEBUG] [CleanMix]: Mixing UTBurningZombiesMixin from mixins.tweaks.entities.burning.mobs.json into net.minecraft.entity.monster.EntityZombie
[15:12:39] [Client thread/INFO] [MixinBooter/Audit]: APPLY mixins.tweaks.entities.burning.mobs.json:UTBurningZombiesMixin from mod universaltweaks -> net.minecraft.entity.monster.EntityZombie
[15:12:39] [Client thread/DEBUG] [CleanMix]: Mixing UTSkeletonHorseMixin from mixins.tweaks.entities.burning.horse.json into net.minecraft.entity.passive.EntitySkeletonHorse
[15:12:39] [Client thread/INFO] [MixinBooter/Audit]: APPLY mixins.tweaks.entities.burning.horse.json:UTSkeletonHorseMixin from mod universaltweaks -> net.minecraft.entity.passive.EntitySkeletonHorse
[15:12:39] [Client thread/DEBUG] [CleanMix]: Mixing UTSkeletonHorseTamingMixin from mixins.tweaks.entities.taming.horse.json into net.minecraft.entity.passive.EntitySkeletonHorse
[15:12:39] [Client thread/INFO] [MixinBooter/Audit]: APPLY mixins.tweaks.entities.taming.horse.json:UTSkeletonHorseTamingMixin from mod universaltweaks -> net.minecraft.entity.passive.EntitySkeletonHorse
[15:12:39] [Client thread/DEBUG] [CleanMix]: Mixing UTZombieHorseMixin from mixins.tweaks.entities.burning.horse.json into net.minecraft.entity.passive.EntityZombieHorse
[15:12:39] [Client thread/INFO] [MixinBooter/Audit]: APPLY mixins.tweaks.entities.burning.horse.json:UTZombieHorseMixin from mod universaltweaks -> net.minecraft.entity.passive.EntityZombieHorse
[15:12:39] [Client thread/DEBUG] [CleanMix]: Mixing UTZombieHorseTamingMixin from mixins.tweaks.entities.taming.horse.json into net.minecraft.entity.passive.EntityZombieHorse
[15:12:39] [Client thread/INFO] [MixinBooter/Audit]: APPLY mixins.tweaks.entities.taming.horse.json:UTZombieHorseTamingMixin from mod universaltweaks -> net.minecraft.entity.passive.EntityZombieHorse
[15:12:39] [Client thread/DEBUG] [CleanMix]: Mixing UTDyeBlendingMixin from mixins.tweaks.performance.dyeblending.json into net.minecraft.entity.passive.EntitySheep
[15:12:39] [Client thread/INFO] [MixinBooter/Audit]: APPLY mixins.tweaks.performance.dyeblending.json:UTDyeBlendingMixin from mod universaltweaks -> net.minecraft.entity.passive.EntitySheep
[15:12:40] [Client thread/DEBUG] [CleanMix]: Mixing allocation_rate.AccessorBiomeColorEvent from mixins.vintagefix.json into net.minecraftforge.event.terraingen.BiomeEvent$BiomeColor
[15:12:40] [Client thread/INFO] [MixinBooter/Audit]: APPLY mixins.vintagefix.json:allocation_rate.AccessorBiomeColorEvent from mod vintagefix -> net.minecraftforge.event.terraingen.BiomeEvent$BiomeColor
[15:12:40] [Client thread/INFO] [MixinBooter/Audit]: POSTPROCESS org.embeddedt.vintagefix.mixin.allocation_rate.AccessorBiomeColorEvent
[15:12:40] [Client thread/DEBUG] [CleanMix]: Mixing UTCraftingManagerMixin from mixins.tweaks.performance.craftingcache.json into net.minecraft.item.crafting.CraftingManager
[15:12:40] [Client thread/INFO] [MixinBooter/Audit]: APPLY mixins.tweaks.performance.craftingcache.json:UTCraftingManagerMixin from mod universaltweaks -> net.minecraft.item.crafting.CraftingManager
[15:12:40] [Client thread/DEBUG] [CleanMix]: Mixing FMLCommonHandlerMixin from mixins.vanities.json into net.minecraftforge.fml.common.FMLCommonHandler
[15:12:40] [Client thread/INFO] [MixinBooter/Audit]: APPLY mixins.vanities.json:FMLCommonHandlerMixin from mod loliasm -> net.minecraftforge.fml.common.FMLCommonHandler
[15:12:40] [Client thread/DEBUG] [CleanMix]: Mixing branding.FMLCommonHandlerMixin from mixins.vintagefix.json into net.minecraftforge.fml.common.FMLCommonHandler
[15:12:40] [Client thread/INFO] [MixinBooter/Audit]: APPLY mixins.vintagefix.json:branding.FMLCommonHandlerMixin from mod vintagefix -> net.minecraftforge.fml.common.FMLCommonHandler
[15:12:40] [Client thread/DEBUG] [CleanMix]: Mixing MixinNBTTagByte from mixins.stellar_core_minecraft_nbtpool.json into net.minecraft.nbt.NBTTagByte
[15:12:40] [Client thread/INFO] [MixinBooter/Audit]: APPLY mixins.stellar_core_minecraft_nbtpool.json:MixinNBTTagByte from mod stellarcore -> net.minecraft.nbt.NBTTagByte
[15:12:40] [Client thread/DEBUG] [CleanMix]: Mixing MixinNBTTagShort from mixins.stellar_core_minecraft_nbtpool.json into net.minecraft.nbt.NBTTagShort
[15:12:40] [Client thread/INFO] [MixinBooter/Audit]: APPLY mixins.stellar_core_minecraft_nbtpool.json:MixinNBTTagShort from mod stellarcore -> net.minecraft.nbt.NBTTagShort
[15:12:40] [Client thread/DEBUG] [CleanMix]: Mixing MixinNBTTagInt from mixins.stellar_core_minecraft_nbtpool.json into net.minecraft.nbt.NBTTagInt
[15:12:40] [Client thread/INFO] [MixinBooter/Audit]: APPLY mixins.stellar_core_minecraft_nbtpool.json:MixinNBTTagInt from mod stellarcore -> net.minecraft.nbt.NBTTagInt
[15:12:40] [Client thread/DEBUG] [CleanMix]: Mixing MixinNBTTagLong from mixins.stellar_core_minecraft_nbtpool.json into net.minecraft.nbt.NBTTagLong
[15:12:40] [Client thread/INFO] [MixinBooter/Audit]: APPLY mixins.stellar_core_minecraft_nbtpool.json:MixinNBTTagLong from mod stellarcore -> net.minecraft.nbt.NBTTagLong
[15:12:41] [Client thread/DEBUG] [CleanMix]: Mixing FurnaceRecipesMixin from mixins.recipes.json into net.minecraft.item.crafting.FurnaceRecipes
[15:12:41] [Client thread/INFO] [MixinBooter/Audit]: APPLY mixins.recipes.json:FurnaceRecipesMixin from mod loliasm -> net.minecraft.item.crafting.FurnaceRecipes
[15:12:41] [Client thread/DEBUG] [CleanMix]: Mixing AnvilChunkLoaderMixin from mixins.alfheim.json into net.minecraft.world.chunk.storage.AnvilChunkLoader
[15:12:41] [Client thread/INFO] [MixinBooter/Audit]: APPLY mixins.alfheim.json:AnvilChunkLoaderMixin from mod alfheim -> net.minecraft.world.chunk.storage.AnvilChunkLoader
[15:12:41] [Client thread/DEBUG] [CleanMix]: Mixing UTChunkSavingMixin from mixins.bugfixes.world.chunksaving.json into net.minecraft.world.chunk.storage.AnvilChunkLoader
[15:12:41] [Client thread/INFO] [MixinBooter/Audit]: APPLY mixins.bugfixes.world.chunksaving.json:UTChunkSavingMixin from mod universaltweaks -> net.minecraft.world.chunk.storage.AnvilChunkLoader
[15:12:41] [Client thread/DEBUG] [CleanMix]: Mixing UTGuiToastMixin from mixins.tweaks.misc.toastcontrol.json into net.minecraft.client.gui.toasts.GuiToast
[15:12:41] [Client thread/INFO] [MixinBooter/Audit]: APPLY mixins.tweaks.misc.toastcontrol.json:UTGuiToastMixin from mod universaltweaks -> net.minecraft.client.gui.toasts.GuiToast
[15:12:41] [Client thread/DEBUG] [CleanMix]: Mixing caching.boundingbox.MixinEntityRenderer from mixins.renderlib.json into net.minecraft.client.renderer.EntityRenderer
[15:12:41] [Client thread/DEBUG] [CleanMix]: Renaming synthetic method lambda$renderWorld$0(FLnet/minecraft/tileentity/TileEntity;)V to md6a603e$renderlib$lambda$renderWorld$0$0 in mixins.renderlib.json:caching.boundingbox.MixinEntityRenderer from mod renderlib
[15:12:41] [Client thread/INFO] [MixinBooter/Audit]: APPLY mixins.renderlib.json:caching.boundingbox.MixinEntityRenderer from mod renderlib -> net.minecraft.client.renderer.EntityRenderer
[15:12:42] [Client thread/DEBUG] [CleanMix]: Mixing allocation_rate.MixinChunkCache from mixins.vintagefix.json into net.minecraft.world.ChunkCache
[15:12:42] [Client thread/INFO] [MixinBooter/Audit]: APPLY mixins.vintagefix.json:allocation_rate.MixinChunkCache from mod vintagefix -> net.minecraft.world.ChunkCache
[15:12:42] [Client thread/DEBUG] [CleanMix]: Mixing ChunkCacheMixin from mixins.alfheim.json into net.minecraft.world.ChunkCache
[15:12:42] [Client thread/INFO] [MixinBooter/Audit]: APPLY mixins.alfheim.json:ChunkCacheMixin from mod alfheim -> net.minecraft.world.ChunkCache
[15:12:42] [Client thread/DEBUG] [CleanMix]: Mixing UTPathfindingChunkCacheMixin from mixins.tweaks.performance.pathfinding.json into net.minecraft.world.ChunkCache
[15:12:42] [Client thread/INFO] [MixinBooter/Audit]: APPLY mixins.tweaks.performance.pathfinding.json:UTPathfindingChunkCacheMixin from mod universaltweaks -> net.minecraft.world.ChunkCache
[15:12:42] [Client thread/DEBUG] [CleanMix]: Mixing MixinModelRotation from mixins.stellar_core_forge_modelloader.json into net.minecraft.client.renderer.block.model.ModelRotation
[15:12:42] [Client thread/INFO] [MixinBooter/Audit]: APPLY mixins.stellar_core_forge_modelloader.json:MixinModelRotation from mod stellarcore -> net.minecraft.client.renderer.block.model.ModelRotation
[15:12:42] [Client thread/DEBUG] [CleanMix]: Mixing ModelManagerMixin from mixins.datastructures_modelmanager.json into net.minecraft.client.renderer.block.model.ModelManager
[15:12:42] [Client thread/INFO] [MixinBooter/Audit]: APPLY mixins.datastructures_modelmanager.json:ModelManagerMixin from mod loliasm -> net.minecraft.client.renderer.block.model.ModelManager
[15:12:42] [Client thread/DEBUG] [CleanMix]: Mixing MixinModelManager from mixins.stellar_core_forge_modelloader.json into net.minecraft.client.renderer.block.model.ModelManager
[15:12:42] [Client thread/INFO] [MixinBooter/Audit]: APPLY mixins.stellar_core_forge_modelloader.json:MixinModelManager from mod stellarcore -> net.minecraft.client.renderer.block.model.ModelManager
[15:12:42] [Client thread/DEBUG] [CleanMix]: Mixing caching.renderer.MixinRenderManager from mixins.renderlib.json into net.minecraft.client.renderer.entity.RenderManager
[15:12:42] [Client thread/INFO] [MixinBooter/Audit]: APPLY mixins.renderlib.json:caching.renderer.MixinRenderManager from mod renderlib -> net.minecraft.client.renderer.entity.RenderManager
[15:12:42] [Client thread/DEBUG] [CleanMix]: Mixing entity.MixinRender from mixins.renderlib.json into net.minecraft.client.renderer.entity.Render
[15:12:42] [Client thread/INFO] [MixinBooter/Audit]: APPLY mixins.renderlib.json:entity.MixinRender from mod renderlib -> net.minecraft.client.renderer.entity.Render
[15:12:42] [Client thread/DEBUG] [CleanMix]: Mixing chunk_access.ChunkProviderClientMixin from mixins.vintagefix.json into net.minecraft.client.multiplayer.ChunkProviderClient
[15:12:42] [Client thread/INFO] [MixinBooter/Audit]: APPLY mixins.vintagefix.json:chunk_access.ChunkProviderClientMixin from mod vintagefix -> net.minecraft.client.multiplayer.ChunkProviderClient
[15:12:42] [Client thread/DEBUG] [CleanMix]: Mixing UTVillagerMantleMixin from mixins.bugfixes.entities.villagermantle.json into net.minecraft.client.model.ModelVillager
[15:12:42] [Client thread/INFO] [MixinBooter/Audit]: APPLY mixins.bugfixes.entities.villagermantle.json:UTVillagerMantleMixin from mod universaltweaks -> net.minecraft.client.model.ModelVillager
[15:12:42] [Client thread/DEBUG] [CleanMix]: Mixing bugfix.dark_entities.RenderMinecartMixin from mixins.vintagefix.json into net.minecraft.client.renderer.entity.RenderMinecart
[15:12:42] [Client thread/INFO] [MixinBooter/Audit]: APPLY mixins.vintagefix.json:bugfix.dark_entities.RenderMinecartMixin from mod vintagefix -> net.minecraft.client.renderer.entity.RenderMinecart
[15:12:43] [Client thread/DEBUG] [CleanMix]: Mixing mc129057.InventoryPlayerMixin from mixins.fix_mc129057.json into net.minecraft.entity.player.InventoryPlayer
[15:12:43] [Client thread/INFO] [MixinBooter/Audit]: APPLY mixins.fix_mc129057.json:mc129057.InventoryPlayerMixin from mod loliasm -> net.minecraft.entity.player.InventoryPlayer
[15:12:44] [Client thread/DEBUG] [CleanMix]: Mixing UTSimpleReloadableRMMixin from mixins.tweaks.performance.resourcemanager.json into net.minecraft.client.resources.SimpleReloadableResourceManager
[15:12:44] [Client thread/INFO] [MixinBooter/Audit]: APPLY mixins.tweaks.performance.resourcemanager.json:UTSimpleReloadableRMMixin from mod universaltweaks -> net.minecraft.client.resources.SimpleReloadableResourceManager
[15:12:44] [Client thread/DEBUG] [CleanMix]: Mixing MixinSimpleReloadableResourceManager from mixins.stellar_core_minecraft_resourcepack.json into net.minecraft.client.resources.SimpleReloadableResourceManager
[15:12:44] [Client thread/INFO] [MixinBooter/Audit]: APPLY mixins.stellar_core_minecraft_resourcepack.json:MixinSimpleReloadableResourceManager from mod stellarcore -> net.minecraft.client.resources.SimpleReloadableResourceManager
[15:12:44] [Client thread/DEBUG] [CleanMix]: Mixing MixinProgressBar from mixins.stellar_core_forge_modelloader.json into net.minecraftforge.fml.common.ProgressManager$ProgressBar
[15:12:44] [Client thread/INFO] [MixinBooter/Audit]: APPLY mixins.stellar_core_forge_modelloader.json:MixinProgressBar from mod stellarcore -> net.minecraftforge.fml.common.ProgressManager$ProgressBar
[15:12:44] [Client thread/DEBUG] [CleanMix]: Mixing IntegratedServerMixin from mixins.crashes.json into net.minecraft.server.integrated.IntegratedServer
[15:12:44] [Client thread/INFO] [MixinBooter/Audit]: APPLY mixins.crashes.json:IntegratedServerMixin from mod loliasm -> net.minecraft.server.integrated.IntegratedServer
[15:12:44] [Client thread/DEBUG] [CleanMix]: Mixing bugfix.exit_freeze.IntegratedServerMixin from mixins.vintagefix.json into net.minecraft.server.integrated.IntegratedServer
[15:12:44] [Client thread/INFO] [MixinBooter/Audit]: APPLY mixins.vintagefix.json:bugfix.exit_freeze.IntegratedServerMixin from mod vintagefix -> net.minecraft.server.integrated.IntegratedServer
[15:12:44] [Client thread/DEBUG] [CleanMix]: Mixing MixinSplashProgress from mixins.stellar_core_forge.json into net.minecraftforge.fml.client.SplashProgress
[15:12:44] [Client thread/INFO] [MixinBooter/Audit]: APPLY mixins.stellar_core_forge.json:MixinSplashProgress from mod stellarcore -> net.minecraftforge.fml.client.SplashProgress
[15:12:44] [Client thread/DEBUG] [CleanMix]: Mixing CrashReportMixin from mixins.crashes.json into net.minecraft.crash.CrashReport
[15:12:44] [Client thread/DEBUG] [CleanMix]: Renaming synthetic method lambda$afterPopulateEnvironment$0()Ljava/lang/String; to md6a603e$loliasm$lambda$afterPopulateEnvironment$0$0 in mixins.crashes.json:CrashReportMixin from mod loliasm
[15:12:44] [Client thread/INFO] [MixinBooter/Audit]: APPLY mixins.crashes.json:CrashReportMixin from mod loliasm -> net.minecraft.crash.CrashReport
[15:12:44] [Client thread/DEBUG] [CleanMix]: Mixing CrashReportMixin from mixin.mixinbooter.init.json into net.minecraft.crash.CrashReport
[15:12:44] [Client thread/INFO] [MixinBooter/Audit]: APPLY mixin.mixinbooter.init.json:CrashReportMixin from mod mixinbooter -> net.minecraft.crash.CrashReport
[15:12:44] [Client thread/DEBUG] [CleanMix]: Mixing CrashReportCategoryMixin from mixins.crashes.json into net.minecraft.crash.CrashReportCategory
[15:12:44] [Client thread/INFO] [MixinBooter/Audit]: APPLY mixins.crashes.json:CrashReportCategoryMixin from mod loliasm -> net.minecraft.crash.CrashReportCategory
[15:12:44] [Client thread/DEBUG] [CleanMix]: Mixing CrashReportCategory_EntryInvoker from mixins.crashes.json into net.minecraft.crash.CrashReportCategory$Entry
[15:12:44] [Client thread/INFO] [MixinBooter/Audit]: APPLY mixins.crashes.json:CrashReportCategory_EntryInvoker from mod loliasm -> net.minecraft.crash.CrashReportCategory$Entry
[15:12:44] [Client thread/INFO] [MixinBooter/Audit]: POSTPROCESS zone.rong.loliasm.common.crashes.mixins.CrashReportCategory_EntryInvoker
[15:12:44] [Client thread/DEBUG] [CleanMix]: Mixing MixinOreDictionary from mixins.stellar_core_forge_oredict.json into net.minecraftforge.oredict.OreDictionary
[15:12:44] [Client thread/INFO] [MixinBooter/Audit]: APPLY mixins.stellar_core_forge_oredict.json:MixinOreDictionary from mod stellarcore -> net.minecraftforge.oredict.OreDictionary
[15:12:45] [Thread-3/DEBUG] [CleanMix]: Mixing optifine.SmartAnimationsAccessor from mixins.naughthirium.json into net.optifine.SmartAnimations
[15:12:45] [Thread-3/DEBUG] [CleanMix]: Renaming @Accessor method getSpritesRendered()Ljava/util/BitSet; to getSpritesRendered$naughthirium_$md$6a603e$0 in mixins.naughthirium.json:optifine.SmartAnimationsAccessor from mod naughthirium
[15:12:45] [Thread-3/DEBUG] [CleanMix]: Renaming @Invoker method callIsActive()Z to callIsActive$naughthirium_$md$6a603e$1 in mixins.naughthirium.json:optifine.SmartAnimationsAccessor from mod naughthirium
[15:12:45] [Thread-3/DEBUG] [CleanMix]: Renaming @Invoker method callSpritesRendered(Ljava/util/BitSet;)V to callSpritesRendered$naughthirium_$md$6a603e$2 in mixins.naughthirium.json:optifine.SmartAnimationsAccessor from mod naughthirium
[15:12:45] [Thread-3/INFO] [MixinBooter/Audit]: APPLY mixins.naughthirium.json:optifine.SmartAnimationsAccessor from mod naughthirium -> net.optifine.SmartAnimations
[15:12:45] [Thread-3/INFO] [MixinBooter/Audit]: POSTPROCESS zone.rong.naughthirium.mixins.optifine.SmartAnimationsAccessor
[15:12:45] [Client thread/DEBUG] [CleanMix]: Mixing FluidRegistryMixin from mixins.misc_fluidregistry.json into net.minecraftforge.fluids.FluidRegistry
[15:12:45] [Client thread/INFO] [MixinBooter/Audit]: APPLY mixins.misc_fluidregistry.json:FluidRegistryMixin from mod loliasm -> net.minecraftforge.fluids.FluidRegistry
[15:12:45] [Client thread/DEBUG] [CleanMix]: Mixing LoadControllerMixin from mixins.internal.json into net.minecraftforge.fml.common.LoadController
[15:12:45] [Client thread/INFO] [MixinBooter/Audit]: APPLY mixins.internal.json:LoadControllerMixin from mod loliasm -> net.minecraftforge.fml.common.LoadController
[15:12:45] [Client thread/DEBUG] [CleanMix]: Mixing LoadControllerMixin from mixin.mixinbooter.init.json into net.minecraftforge.fml.common.LoadController
[15:12:45] [Client thread/INFO] [MixinBooter/Audit]: APPLY mixin.mixinbooter.init.json:LoadControllerMixin from mod mixinbooter -> net.minecraftforge.fml.common.LoadController
[15:12:45] [Client thread/DEBUG] [CleanMix]: Mixing jar_discoverer_cache.MixinJarDiscoverer from mixins.vintagefix.json into net.minecraftforge.fml.common.discovery.JarDiscoverer
[15:12:45] [Client thread/INFO] [MixinBooter/Audit]: APPLY mixins.vintagefix.json:jar_discoverer_cache.MixinJarDiscoverer from mod vintagefix -> net.minecraftforge.fml.common.discovery.JarDiscoverer
[15:12:45] [Client thread/DEBUG] [CleanMix]: Mixing FMLModContainerMixin from mixins.devenv.json into net.minecraftforge.fml.common.FMLModContainer
[15:12:45] [Client thread/DEBUG] [CleanMix]: Renaming synthetic method lambda$voidForgeRequirements$1(Lnet/minecraftforge/fml/common/versioning/ArtifactVersion;)Z to md6a603e$loliasm$lambda$voidForgeRequirements$1$0 in mixins.devenv.json:FMLModContainerMixin from mod loliasm
[15:12:45] [Client thread/DEBUG] [CleanMix]: Renaming synthetic method lambda$voidForgeRequirements$0(Lnet/minecraftforge/fml/common/versioning/ArtifactVersion;)Z to md6a603e$loliasm$lambda$voidForgeRequirements$0$1 in mixins.devenv.json:FMLModContainerMixin from mod loliasm
[15:12:45] [Client thread/INFO] [MixinBooter/Audit]: APPLY mixins.devenv.json:FMLModContainerMixin from mod loliasm -> net.minecraftforge.fml.common.FMLModContainer
[15:12:46] [Client thread/DEBUG] [CleanMix]: Preparing config mixins.stellar_core_vintagefix.json
[15:12:46] [Client thread/DEBUG] [CleanMix]: Preparing config mixins.vintagefix.late.json
[15:12:46] [Client thread/DEBUG] [CleanMix]: Preparing mixins.stellar_core_vintagefix.json (2)
[15:12:46] [Client thread/DEBUG] [CleanMix]: Preparing mixins.vintagefix.late.json (0)
[15:12:46] [Client thread/DEBUG] [CleanMix]: Prepared 2 mixins in 3.001 sec (1500.5ms avg) (0ms load, 0ms transform, 0ms plugin)
[15:12:47] [Client thread/DEBUG] [CleanMix]: Mixing UTPacketBufferMixin from mixins.bugfixes.misc.packetsize.json into net.minecraft.network.PacketBuffer
[15:12:47] [Client thread/INFO] [MixinBooter/Audit]: APPLY mixins.bugfixes.misc.packetsize.json:UTPacketBufferMixin from mod universaltweaks -> net.minecraft.network.PacketBuffer
[15:12:49] [Client thread/DEBUG] [CleanMix]: Mixing optifine.BufferBuilderAccessor from mixins.naughthirium.json into net.minecraft.client.renderer.BufferBuilder
[15:12:49] [Client thread/INFO] [MixinBooter/Audit]: APPLY mixins.naughthirium.json:optifine.BufferBuilderAccessor from mod naughthirium -> net.minecraft.client.renderer.BufferBuilder
[15:12:49] [Client thread/DEBUG] [CleanMix]: Mixing BufferBuilderMixin from mixins.crashes.json into net.minecraft.client.renderer.BufferBuilder
[15:12:49] [Client thread/INFO] [MixinBooter/Audit]: APPLY mixins.crashes.json:BufferBuilderMixin from mod loliasm -> net.minecraft.client.renderer.BufferBuilder
[15:12:49] [Client thread/DEBUG] [CleanMix]: Mixing BufferBuilderMixin from mixins.ondemand_sprites.json into net.minecraft.client.renderer.BufferBuilder
[15:12:49] [Client thread/INFO] [MixinBooter/Audit]: APPLY mixins.ondemand_sprites.json:BufferBuilderMixin from mod loliasm -> net.minecraft.client.renderer.BufferBuilder
[15:12:49] [Client thread/INFO] [MixinBooter/Audit]: POSTPROCESS zone.rong.naughthirium.mixins.optifine.BufferBuilderAccessor
[15:12:49] [Client thread/DEBUG] [CleanMix]: Mixing backports.white_button_text.MixinGuiButton from mixins.vintagefix.json into net.minecraft.client.gui.GuiButton
[15:12:49] [Client thread/INFO] [MixinBooter/Audit]: APPLY mixins.vintagefix.json:backports.white_button_text.MixinGuiButton from mod vintagefix -> net.minecraft.client.gui.GuiButton
[15:12:49] [Client thread/DEBUG] [CleanMix]: Mixing MixinVintageFixClient from mixins.stellar_core_vintagefix.json into org.embeddedt.vintagefix.VintageFixClient
[15:12:49] [Client thread/DEBUG] [CleanMix]: Renaming synthetic method lambda$injectCollectTextures$0(Ljava/util/Set;Lnet/minecraft/client/renderer/texture/TextureMap;Ljava/lang/String;Lnet/minecraft/util/ResourceLocation;)V to md6a603e$stellarcore$lambda$injectCollectTextures$0$0 in mixins.stellar_core_vintagefix.json:MixinVintageFixClient from mod stellarcore
[15:12:49] [Client thread/INFO] [MixinBooter/Audit]: APPLY mixins.stellar_core_vintagefix.json:MixinVintageFixClient from mod stellarcore -> org.embeddedt.vintagefix.VintageFixClient
[15:12:49] [Client thread/DEBUG] [CleanMix]: Mixing TextureManagerAccessor from mixins.internal.json into net.minecraft.client.renderer.texture.TextureManager
[15:12:49] [Client thread/INFO] [MixinBooter/Audit]: APPLY mixins.internal.json:TextureManagerAccessor from mod loliasm -> net.minecraft.client.renderer.texture.TextureManager
[15:12:49] [Client thread/DEBUG] [CleanMix]: Mixing TextureManagerMixin from mixins.ondemand_sprites.json into net.minecraft.client.renderer.texture.TextureManager
[15:12:49] [Client thread/INFO] [MixinBooter/Audit]: APPLY mixins.ondemand_sprites.json:TextureManagerMixin from mod loliasm -> net.minecraft.client.renderer.texture.TextureManager
[15:12:49] [Client thread/DEBUG] [CleanMix]: Mixing TextureManagerExpansion from mixins.fix_mc186052.json into net.minecraft.client.renderer.texture.TextureManager
[15:12:49] [Client thread/INFO] [MixinBooter/Audit]: APPLY mixins.fix_mc186052.json:TextureManagerExpansion from mod loliasm -> net.minecraft.client.renderer.texture.TextureManager
[15:12:50] [Client thread/INFO] [MixinBooter/Audit]: POSTPROCESS zone.rong.loliasm.common.internal.mixins.TextureManagerAccessor
[15:12:50] [Client thread/INFO] [MixinBooter/Audit]: POSTPROCESS zone.rong.loliasm.client.mcfixes.mixins.mc186052.TextureManagerExpansion
[15:12:50] [Client thread/DEBUG] [CleanMix]: Mixing UTPlayerPositionMixin from mixins.bugfixes.blocks.miningglitch.client.json into net.minecraft.client.multiplayer.PlayerControllerMP
[15:12:50] [Client thread/INFO] [MixinBooter/Audit]: APPLY mixins.bugfixes.blocks.miningglitch.client.json:UTPlayerPositionMixin from mod universaltweaks -> net.minecraft.client.multiplayer.PlayerControllerMP
[15:12:50] [Client thread/DEBUG] [CleanMix]: Mixing client.RenderGlobalMixin from mixins.alfheim.json into net.minecraft.client.renderer.RenderGlobal
[15:12:50] [Client thread/INFO] [MixinBooter/Audit]: APPLY mixins.alfheim.json:client.RenderGlobalMixin from mod alfheim -> net.minecraft.client.renderer.RenderGlobal
[15:12:50] [Client thread/DEBUG] [CleanMix]: Mixing UTBlockOverlayMixin from mixins.bugfixes.blocks.blockoverlay.json into net.minecraft.client.renderer.RenderGlobal
[15:12:50] [Client thread/INFO] [MixinBooter/Audit]: APPLY mixins.bugfixes.blocks.blockoverlay.json:UTBlockOverlayMixin from mod universaltweaks -> net.minecraft.client.renderer.RenderGlobal
[15:12:50] [Client thread/DEBUG] [CleanMix]: Mixing UTFrustumCullingMixin from mixins.bugfixes.world.frustumculling.json into net.minecraft.client.renderer.RenderGlobal
[15:12:50] [Client thread/INFO] [MixinBooter/Audit]: APPLY mixins.bugfixes.world.frustumculling.json:UTFrustumCullingMixin from mod universaltweaks -> net.minecraft.client.renderer.RenderGlobal
[15:12:50] [Client thread/DEBUG] [CleanMix]: Mixing RenderGlobalAccessor from mixins.ondemand_sprites.json into net.minecraft.client.renderer.RenderGlobal
[15:12:50] [Client thread/INFO] [MixinBooter/Audit]: APPLY mixins.ondemand_sprites.json:RenderGlobalAccessor from mod loliasm -> net.minecraft.client.renderer.RenderGlobal
[15:12:50] [Client thread/DEBUG] [CleanMix]: Mixing tileentity.MixinRenderGlobal from mixins.renderlib.json into net.minecraft.client.renderer.RenderGlobal
[15:12:50] [Client thread/INFO] [MixinBooter/Audit]: APPLY mixins.renderlib.json:tileentity.MixinRenderGlobal from mod renderlib -> net.minecraft.client.renderer.RenderGlobal
[15:12:50] [Client thread/DEBUG] [CleanMix]: Mixing MixinRenderGlobal from mixins.renderlib.json into net.minecraft.client.renderer.RenderGlobal
[15:12:50] [Client thread/INFO] [MixinBooter/Audit]: APPLY mixins.renderlib.json:MixinRenderGlobal from mod renderlib -> net.minecraft.client.renderer.RenderGlobal
[15:12:50] [Client thread/DEBUG] [CleanMix]: Mixing MixinRenderGlobal from mixins.entityculling.json into net.minecraft.client.renderer.RenderGlobal
[15:12:50] [Client thread/INFO] [MixinBooter/Audit]: APPLY mixins.entityculling.json:MixinRenderGlobal from mod entityculling -> net.minecraft.client.renderer.RenderGlobal
[15:12:50] [Client thread/INFO] [MixinBooter/Audit]: POSTPROCESS zone.rong.loliasm.client.sprite.ondemand.mixins.RenderGlobalAccessor
[15:12:50] [Client thread/DEBUG] [CleanMix]: Mixing RenderItemMixin from mixins.ondemand_sprites.json into net.minecraft.client.renderer.RenderItem
[15:12:50] [Client thread/INFO] [MixinBooter/Audit]: APPLY mixins.ondemand_sprites.json:RenderItemMixin from mod loliasm -> net.minecraft.client.renderer.RenderItem
[15:12:50] [Client thread/DEBUG] [CleanMix]: Mixing ItemRendererMixin from mixins.ondemand_sprites.json into net.minecraft.client.renderer.ItemRenderer
[15:12:50] [Client thread/INFO] [MixinBooter/Audit]: APPLY mixins.ondemand_sprites.json:ItemRendererMixin from mod loliasm -> net.minecraft.client.renderer.ItemRenderer
[15:12:50] [Client thread/DEBUG] [CleanMix]: Mixing UTParticleManagerMixin from mixins.bugfixes.misc.depthmask.json into net.minecraft.client.particle.ParticleManager
[15:12:50] [Client thread/INFO] [MixinBooter/Audit]: APPLY mixins.bugfixes.misc.depthmask.json:UTParticleManagerMixin from mod universaltweaks -> net.minecraft.client.particle.ParticleManager
[15:12:50] [Client thread/DEBUG] [CleanMix]: Mixing MixinTextureMap from mixins.stellar_core_minecraft_texturemap_concurrent.json into net.minecraft.client.renderer.texture.TextureMap
[15:12:50] [Client thread/INFO] [MixinBooter/Audit]: APPLY mixins.stellar_core_minecraft_texturemap_concurrent.json:MixinTextureMap from mod stellarcore -> net.minecraft.client.renderer.texture.TextureMap
[15:12:50] [Client thread/DEBUG] [CleanMix]: Mixing optifine.TextureMapAccessor from mixins.naughthirium.json into net.minecraft.client.renderer.texture.TextureMap
[15:12:50] [Client thread/INFO] [MixinBooter/Audit]: APPLY mixins.naughthirium.json:optifine.TextureMapAccessor from mod naughthirium -> net.minecraft.client.renderer.texture.TextureMap
[15:12:50] [Client thread/DEBUG] [CleanMix]: Mixing TextureMapAccessor from mixins.internal.json into net.minecraft.client.renderer.texture.TextureMap
[15:12:50] [Client thread/INFO] [MixinBooter/Audit]: APPLY mixins.internal.json:TextureMapAccessor from mod loliasm -> net.minecraft.client.renderer.texture.TextureMap
[15:12:50] [Client thread/DEBUG] [CleanMix]: Mixing TextureMapMixin from mixins.ondemand_sprites.json into net.minecraft.client.renderer.texture.TextureMap
[15:12:50] [Client thread/INFO] [MixinBooter/Audit]: APPLY mixins.ondemand_sprites.json:TextureMapMixin from mod loliasm -> net.minecraft.client.renderer.texture.TextureMap
[15:12:50] [Client thread/DEBUG] [CleanMix]: Mixing MixinTextureMap from mixins.stellar_core_minecraft_resourcepack.json into net.minecraft.client.renderer.texture.TextureMap
[15:12:50] [Client thread/INFO] [MixinBooter/Audit]: APPLY mixins.stellar_core_minecraft_resourcepack.json:MixinTextureMap from mod stellarcore -> net.minecraft.client.renderer.texture.TextureMap
[15:12:50] [Client thread/INFO] [MixinBooter/Audit]: POSTPROCESS zone.rong.naughthirium.mixins.optifine.TextureMapAccessor
[15:12:50] [Client thread/INFO] [MixinBooter/Audit]: POSTPROCESS zone.rong.loliasm.common.internal.mixins.TextureMapAccessor
[15:12:50] [Client thread/DEBUG] [CleanMix]: Mixing UTAudioReloadMixin from mixins.tweaks.performance.audioreload.json into net.minecraft.client.audio.SoundHandler
[15:12:50] [Client thread/INFO] [MixinBooter/Audit]: APPLY mixins.tweaks.performance.audioreload.json:UTAudioReloadMixin from mod universaltweaks -> net.minecraft.client.audio.SoundHandler
[15:12:51] [Client thread/DEBUG] [CleanMix]: Mixing UTFallbackRMMixin from mixins.tweaks.performance.resourcemanager.json into net.minecraft.client.resources.FallbackResourceManager
[15:12:51] [Client thread/DEBUG] [CleanMix]: Renaming synthetic method lambda$hasResource$0(Lnet/minecraft/util/ResourceLocation;Lnet/minecraft/client/resources/IResourcePack;)Z to md6a603e$universaltwe$lambda$hasResource$0$0 in mixins.tweaks.performance.resourcemanager.json:UTFallbackRMMixin from mod universaltweaks
[15:12:51] [Client thread/INFO] [MixinBooter/Audit]: APPLY mixins.tweaks.performance.resourcemanager.json:UTFallbackRMMixin from mod universaltweaks -> net.minecraft.client.resources.FallbackResourceManager
[15:12:52] [Client thread/DEBUG] [CleanMix]: Mixing chunk_access.ChunkMixin from mixins.vintagefix.json into net.minecraft.world.chunk.Chunk
[15:12:52] [Client thread/INFO] [MixinBooter/Audit]: APPLY mixins.vintagefix.json:chunk_access.ChunkMixin from mod vintagefix -> net.minecraft.world.chunk.Chunk
[15:12:52] [Client thread/DEBUG] [CleanMix]: Mixing ChunkMixin from mixins.alfheim.json into net.minecraft.world.chunk.Chunk
[15:12:52] [Client thread/INFO] [MixinBooter/Audit]: APPLY mixins.alfheim.json:ChunkMixin from mod alfheim -> net.minecraft.world.chunk.Chunk
[15:12:52] [Client thread/DEBUG] [CleanMix]: Mixing UTChunkMixin from mixins.tweaks.performance.entityradiuscheck.reducesearchsize.json into net.minecraft.world.chunk.Chunk
[15:12:52] [Client thread/INFO] [MixinBooter/Audit]: APPLY mixins.tweaks.performance.entityradiuscheck.reducesearchsize.json:UTChunkMixin from mod universaltweaks -> net.minecraft.world.chunk.Chunk
[15:12:52] [Client thread/DEBUG] [CleanMix]: Mixing UTTileEntityMapMixin from mixins.bugfixes.world.tileentities.json into net.minecraft.world.chunk.Chunk
[15:12:52] [Client thread/INFO] [MixinBooter/Audit]: APPLY mixins.bugfixes.world.tileentities.json:UTTileEntityMapMixin from mod universaltweaks -> net.minecraft.world.chunk.Chunk
[15:12:52] [Client thread/DEBUG] [CleanMix]: Mixing ChunkMixin from mixins.forgefixes.json into net.minecraft.world.chunk.Chunk
[15:12:52] [Client thread/INFO] [MixinBooter/Audit]: APPLY mixins.forgefixes.json:ChunkMixin from mod loliasm -> net.minecraft.world.chunk.Chunk
[15:12:52] [Client thread/DEBUG] [CleanMix]: Mixing MixinChunk from mixins.renderlib.json into net.minecraft.world.chunk.Chunk
[15:12:52] [Client thread/INFO] [MixinBooter/Audit]: APPLY mixins.renderlib.json:MixinChunk from mod renderlib -> net.minecraft.world.chunk.Chunk
[15:12:52] [Client thread/DEBUG] [CleanMix]: Mixing MixinChunk from mixins.stellar_core_minecraft_chunktequeue.json into net.minecraft.world.chunk.Chunk
[15:12:52] [Client thread/INFO] [MixinBooter/Audit]: APPLY mixins.stellar_core_minecraft_chunktequeue.json:MixinChunk from mod stellarcore -> net.minecraft.world.chunk.Chunk
[15:12:52] [Client thread/DEBUG] [CleanMix]: Mixing MixinForgeChunkManager from mixins.stellar_core_forge_chunkmanager.json into net.minecraftforge.common.ForgeChunkManager
[15:12:52] [Client thread/DEBUG] [CleanMix]: Renaming synthetic method lambda$getPersistentChunksIterableFor$1(Ljava/util/Set;Lnet/minecraft/world/chunk/IChunkProvider;Lnet/minecraft/util/math/ChunkPos;)V to md6a603e$stellarcore$lambda$getPersistentChunksIterableFor$1$0 in mixins.stellar_core_forge_chunkmanager.json:MixinForgeChunkManager from mod stellarcore
[15:12:52] [Client thread/DEBUG] [CleanMix]: Renaming synthetic method lambda$getPersistentChunksIterableFor$0(Lnet/minecraft/world/chunk/IChunkProvider;Ljava/util/Set;Ljava/util/List;Lnet/minecraft/util/math/ChunkPos;)V to md6a603e$stellarcore$lambda$getPersistentChunksIterableFor$0$1 in mixins.stellar_core_forge_chunkmanager.json:MixinForgeChunkManager from mod stellarcore
[15:12:52] [Client thread/INFO] [MixinBooter/Audit]: APPLY mixins.stellar_core_forge_chunkmanager.json:MixinForgeChunkManager from mod stellarcore -> net.minecraftforge.common.ForgeChunkManager
[15:12:52] [Client thread/DEBUG] [CleanMix]: Mixing TextureAtlasSpriteAccessor from mixins.internal.json into net.minecraft.client.renderer.texture.TextureAtlasSprite
[15:12:52] [Client thread/INFO] [MixinBooter/Audit]: APPLY mixins.internal.json:TextureAtlasSpriteAccessor from mod loliasm -> net.minecraft.client.renderer.texture.TextureAtlasSprite
[15:12:52] [Client thread/DEBUG] [CleanMix]: Mixing TextureAtlasSpriteMixin from mixins.ondemand_sprites.json into net.minecraft.client.renderer.texture.TextureAtlasSprite
[15:12:52] [Client thread/INFO] [MixinBooter/Audit]: APPLY mixins.ondemand_sprites.json:TextureAtlasSpriteMixin from mod loliasm -> net.minecraft.client.renderer.texture.TextureAtlasSprite
[15:12:52] [Client thread/INFO] [MixinBooter/Audit]: POSTPROCESS zone.rong.loliasm.common.internal.mixins.TextureAtlasSpriteAccessor
[15:12:52] [Client thread/DEBUG] [CleanMix]: Mixing PlayerListAccessor from mixins.tweaks.misc.gui.lanserverproperties.json into net.minecraft.server.management.PlayerList
[15:12:52] [Client thread/INFO] [MixinBooter/Audit]: APPLY mixins.tweaks.misc.gui.lanserverproperties.json:PlayerListAccessor from mod universaltweaks -> net.minecraft.server.management.PlayerList
[15:12:52] [Client thread/DEBUG] [CleanMix]: Mixing UTPlayerListMixin from mixins.bugfixes.entities.tracker.json into net.minecraft.server.management.PlayerList
[15:12:52] [Client thread/INFO] [MixinBooter/Audit]: APPLY mixins.bugfixes.entities.tracker.json:UTPlayerListMixin from mod universaltweaks -> net.minecraft.server.management.PlayerList
[15:12:52] [Client thread/DEBUG] [CleanMix]: Mixing UTDimensionChangePlayerListMixin from mixins.bugfixes.entities.dimensionchange.json into net.minecraft.server.management.PlayerList
[15:12:52] [Client thread/INFO] [MixinBooter/Audit]: APPLY mixins.bugfixes.entities.dimensionchange.json:UTDimensionChangePlayerListMixin from mod universaltweaks -> net.minecraft.server.management.PlayerList
[15:12:52] [Client thread/INFO] [MixinBooter/Audit]: POSTPROCESS mod.acgaming.universaltweaks.tweaks.misc.gui.lanserverproperties.mixin.PlayerListAccessor
[15:12:52] [Client thread/DEBUG] [CleanMix]: Mixing MixinModelBakery from mixins.stellar_core_forge_modelloader.json into net.minecraft.client.renderer.block.model.ModelBakery
[15:12:52] [Client thread/DEBUG] [CleanMix]: Renaming synthetic method lambda$static$0()[I to md6a603e$stellarcore$lambda$static$0$0 in mixins.stellar_core_forge_modelloader.json:MixinModelBakery from mod stellarcore
[15:12:52] [Client thread/INFO] [MixinBooter/Audit]: APPLY mixins.stellar_core_forge_modelloader.json:MixinModelBakery from mod stellarcore -> net.minecraft.client.renderer.block.model.ModelBakery
[15:12:52] [Client thread/DEBUG] [CleanMix]: Mixing MixinModelLoader from mixins.stellar_core_minecraft_resourcepack.json into net.minecraftforge.client.model.ModelLoader
[15:12:52] [Client thread/DEBUG] [CleanMix]: Renaming synthetic method lambda$injectSetupModelRegistryBeforeLoadSprites$0(Ljava/util/Set;Ljava/lang/String;Lnet/minecraft/util/ResourceLocation;)V to md6a603e$stellarcore$lambda$injectSetupModelRegistryBeforeLoadSprites$0$0 in mixins.stellar_core_minecraft_resourcepack.json:MixinModelLoader from mod stellarcore
[15:12:52] [Client thread/INFO] [MixinBooter/Audit]: APPLY mixins.stellar_core_minecraft_resourcepack.json:MixinModelLoader from mod stellarcore -> net.minecraftforge.client.model.ModelLoader
[15:12:52] [Client thread/DEBUG] [CleanMix]: Mixing MixinModelLoader from mixins.stellar_core_forge_modelloader.json into net.minecraftforge.client.model.ModelLoader
[15:12:52] [Client thread/DEBUG] [CleanMix]: Renaming synthetic method lambda$stellar_core$injectLoadItemModels$2(Ljava/util/concurrent/locks/ReentrantLock;Lgithub/kasuminova/stellarcore/mixin/util/StellarCoreProgressBar;Ljava/util/concurrent/atomic/AtomicInteger;Lnet/minecraftforge/client/model/IModel;Lgithub/kasuminova/stellarcore/shaded/org/jctools/maps/NonBlockingHashMap;Lnet/minecraft/item/Item;)V to md6a603e$stellarcore$lambda$stellar_core$injectLoadItemModels$2$1 in mixins.stellar_core_forge_modelloader.json:MixinModelLoader from mod stellarcore
[15:12:52] [Client thread/DEBUG] [CleanMix]: Renaming synthetic method lambda$stellar_core$injectLoadBlocks$1(Ljava/util/concurrent/locks/ReentrantLock;Lgithub/kasuminova/stellarcore/mixin/util/StellarCoreProgressBar;Ljava/util/concurrent/atomic/AtomicInteger;Lnet/minecraft/client/renderer/block/statemap/BlockStateMapper;Lnet/minecraft/block/Block;)V to md6a603e$stellarcore$lambda$stellar_core$injectLoadBlocks$1$2 in mixins.stellar_core_forge_modelloader.json:MixinModelLoader from mod stellarcore
[15:12:52] [Client thread/DEBUG] [CleanMix]: Renaming synthetic method lambda$stellar_core$injectSetupModelRegistry$0(Lcom/google/common/collect/HashMultimap;Ljava/util/concurrent/locks/ReentrantLock;Lgithub/kasuminova/stellarcore/mixin/util/StellarCoreProgressBar;Ljava/util/concurrent/atomic/AtomicInteger;Lgithub/kasuminova/stellarcore/shaded/org/jctools/maps/NonBlockingHashMap;Lnet/minecraft/client/renderer/block/model/IBakedModel;Lgithub/kasuminova/stellarcore/mixin/util/DefaultTextureGetter;Lnet/minecraftforge/client/model/IModel;)V to md6a603e$stellarcore$lambda$stellar_core$injectSetupModelRegistry$0$3 in mixins.stellar_core_forge_modelloader.json:MixinModelLoader from mod stellarcore
[15:12:52] [Client thread/INFO] [MixinBooter/Audit]: APPLY mixins.stellar_core_forge_modelloader.json:MixinModelLoader from mod stellarcore -> net.minecraftforge.client.model.ModelLoader
[15:12:54] [Client thread/DEBUG] [CleanMix]: Mixing SoundRegistryMixin from mixins.registries.json into net.minecraft.client.audio.SoundRegistry
[15:12:54] [Client thread/INFO] [MixinBooter/Audit]: APPLY mixins.registries.json:SoundRegistryMixin from mod loliasm -> net.minecraft.client.audio.SoundRegistry
[15:12:55] [Client thread/DEBUG] [CleanMix]: Mixing CompiledChunkMixin from mixins.ondemand_sprites.json into net.minecraft.client.renderer.chunk.CompiledChunk
[15:12:55] [Client thread/INFO] [MixinBooter/Audit]: APPLY mixins.ondemand_sprites.json:CompiledChunkMixin from mod loliasm -> net.minecraft.client.renderer.chunk.CompiledChunk
[15:12:55] [Client thread/DEBUG] [CleanMix]: Mixing AccessorBlockStateMapper from mixins.stellar_core_forge_modelloader.json into net.minecraft.client.renderer.block.statemap.BlockStateMapper
[15:12:55] [Client thread/INFO] [MixinBooter/Audit]: APPLY mixins.stellar_core_forge_modelloader.json:AccessorBlockStateMapper from mod stellarcore -> net.minecraft.client.renderer.block.statemap.BlockStateMapper
[15:12:55] [Client thread/INFO] [MixinBooter/Audit]: POSTPROCESS github.kasuminova.stellarcore.mixin.minecraft.forge.parallelmodelloader.AccessorBlockStateMapper
[15:12:55] [Client thread/DEBUG] [CleanMix]: Mixing MixinStateMapperBase from mixins.stellar_core_minecraft_statemapperbase.json into net.minecraft.client.renderer.block.statemap.StateMapperBase
[15:12:55] [Client thread/INFO] [MixinBooter/Audit]: APPLY mixins.stellar_core_minecraft_statemapperbase.json:MixinStateMapperBase from mod stellarcore -> net.minecraft.client.renderer.block.statemap.StateMapperBase
[15:12:55] [Client thread/DEBUG] [CleanMix]: Mixing MixinModelResourceLocation from mixins.stellar_core_minecraft_resourcelocation.json into net.minecraft.client.renderer.block.model.ModelResourceLocation
[15:12:55] [Client thread/INFO] [MixinBooter/Audit]: APPLY mixins.stellar_core_minecraft_resourcelocation.json:MixinModelResourceLocation from mod stellarcore -> net.minecraft.client.renderer.block.model.ModelResourceLocation
[15:12:55] [Client thread/DEBUG] [CleanMix]: Mixing model_optimizations.location_canon.ModelResourceLocationMixin from mixins.vintagefix.json into net.minecraft.client.renderer.block.model.ModelResourceLocation
[15:12:55] [Client thread/INFO] [MixinBooter/Audit]: APPLY mixins.vintagefix.json:model_optimizations.location_canon.ModelResourceLocationMixin from mod vintagefix -> net.minecraft.client.renderer.block.model.ModelResourceLocation
[15:12:55] [Client thread/DEBUG] [CleanMix]: Mixing MixinBlockPart from mixins.stellar_core_minecraft_blockpart.json into net.minecraft.client.renderer.block.model.BlockPart
[15:12:55] [Client thread/INFO] [MixinBooter/Audit]: APPLY mixins.stellar_core_minecraft_blockpart.json:MixinBlockPart from mod stellarcore -> net.minecraft.client.renderer.block.model.BlockPart
[15:12:55] [Client thread/DEBUG] [CleanMix]: Mixing MixinBlockFaceUV from mixins.stellar_core_minecraft_blockfaceuv.json into net.minecraft.client.renderer.block.model.BlockFaceUV
[15:12:55] [Client thread/DEBUG] [CleanMix]: Renaming synthetic method lambda$injectSetUV$1([F)V to md6a603e$stellarcore$lambda$injectSetUV$1$0 in mixins.stellar_core_minecraft_blockfaceuv.json:MixinBlockFaceUV from mod stellarcore
[15:12:55] [Client thread/DEBUG] [CleanMix]: Renaming synthetic method lambda$injectInit$0([F)V to md6a603e$stellarcore$lambda$injectInit$0$1 in mixins.stellar_core_minecraft_blockfaceuv.json:MixinBlockFaceUV from mod stellarcore
[15:12:55] [Client thread/INFO] [MixinBooter/Audit]: APPLY mixins.stellar_core_minecraft_blockfaceuv.json:MixinBlockFaceUV from mod stellarcore -> net.minecraft.client.renderer.block.model.BlockFaceUV
[15:12:55] [Client thread/DEBUG] [CleanMix]: Mixing UTItemModelGeneratorMixin from mixins.bugfixes.misc.modelgap.json into net.minecraft.client.renderer.block.model.ItemModelGenerator
[15:12:55] [Client thread/INFO] [MixinBooter/Audit]: APPLY mixins.bugfixes.misc.modelgap.json:UTItemModelGeneratorMixin from mod universaltweaks -> net.minecraft.client.renderer.block.model.ItemModelGenerator
[15:12:56] [Client thread/DEBUG] [CleanMix]: Mixing UTFancyMissingModelMixin from mixins.tweaks.performance.missingmodel.json into net.minecraftforge.client.model.ModelLoaderRegistry
[15:12:56] [Client thread/INFO] [MixinBooter/Audit]: APPLY mixins.tweaks.performance.missingmodel.json:UTFancyMissingModelMixin from mod universaltweaks -> net.minecraftforge.client.model.ModelLoaderRegistry
[15:12:56] [Client thread/DEBUG] [CleanMix]: Mixing MixinModelLoaderRegistry from mixins.stellar_core_forge_modelloader.json into net.minecraftforge.client.model.ModelLoaderRegistry
[15:12:56] [Client thread/DEBUG] [CleanMix]: Renaming synthetic method lambda$stellar_core$wipeCache$0(Ljava/util/concurrent/atomic/AtomicInteger;Lnet/minecraft/util/ResourceLocation;)V to md6a603e$stellarcore$lambda$stellar_core$wipeCache$0$0 in mixins.stellar_core_forge_modelloader.json:MixinModelLoaderRegistry from mod stellarcore
[15:12:56] [Client thread/INFO] [MixinBooter/Audit]: APPLY mixins.stellar_core_forge_modelloader.json:MixinModelLoaderRegistry from mod stellarcore -> net.minecraftforge.client.model.ModelLoaderRegistry
[15:12:56] [ForkJoinPool.commonPool-worker-0/DEBUG] [CleanMix]: Mixing UTModelBlockAnimationMixin from mixins.tweaks.performance.resourcemanager.json into net.minecraftforge.client.model.animation.ModelBlockAnimation
[15:12:56] [ForkJoinPool.commonPool-worker-0/INFO] [MixinBooter/Audit]: APPLY mixins.tweaks.performance.resourcemanager.json:UTModelBlockAnimationMixin from mod universaltweaks -> net.minecraftforge.client.model.animation.ModelBlockAnimation
[15:12:56] [Client thread/DEBUG] [CleanMix]: Mixing model_optimizations.simpler_perspective_wrapper.MixinVanillaModelWrapper from mixins.vintagefix.json into net.minecraftforge.client.model.ModelLoader$VanillaModelWrapper
[15:12:56] [Client thread/INFO] [MixinBooter/Audit]: APPLY mixins.vintagefix.json:model_optimizations.simpler_perspective_wrapper.MixinVanillaModelWrapper from mod vintagefix -> net.minecraftforge.client.model.ModelLoader$VanillaModelWrapper
[15:13:04] [Client thread/DEBUG] [CleanMix]: Mixing model_optimizations.simpler_perspective_wrapper.AccessorPerspectiveModelWrapper from mixins.vintagefix.json into net.minecraftforge.client.model.PerspectiveMapWrapper
[15:13:04] [Client thread/INFO] [MixinBooter/Audit]: APPLY mixins.vintagefix.json:model_optimizations.simpler_perspective_wrapper.AccessorPerspectiveModelWrapper from mod vintagefix -> net.minecraftforge.client.model.PerspectiveMapWrapper
[15:13:04] [Client thread/INFO] [MixinBooter/Audit]: POSTPROCESS org.embeddedt.vintagefix.mixin.model_optimizations.simpler_perspective_wrapper.AccessorPerspectiveModelWrapper
[15:13:04] [Client thread/DEBUG] [CleanMix]: Mixing model_optimizations.dedup_baked_quad.SimpleModelBuilderMixin from mixins.vintagefix.json into net.minecraft.client.renderer.block.model.SimpleBakedModel$Builder
[15:13:04] [Client thread/INFO] [MixinBooter/Audit]: APPLY mixins.vintagefix.json:model_optimizations.dedup_baked_quad.SimpleModelBuilderMixin from mod vintagefix -> net.minecraft.client.renderer.block.model.SimpleBakedModel$Builder
[15:13:04] [Client thread/DEBUG] [CleanMix]: Mixing model_optimizations.dedup_quad_lists.SimpleBakedModelMixin from mixins.vintagefix.json into net.minecraft.client.renderer.block.model.SimpleBakedModel
[15:13:04] [Client thread/INFO] [MixinBooter/Audit]: APPLY mixins.vintagefix.json:model_optimizations.dedup_quad_lists.SimpleBakedModelMixin from mod vintagefix -> net.minecraft.client.renderer.block.model.SimpleBakedModel
[15:13:04] [ForkJoinPool.commonPool-worker-0/DEBUG] [CleanMix]: Mixing model_optimizations.dedup_multipart.MixinMultipartBuilder from mixins.vintagefix.json into net.minecraft.client.renderer.block.model.MultipartBakedModel$Builder
[15:13:04] [ForkJoinPool.commonPool-worker-0/INFO] [MixinBooter/Audit]: APPLY mixins.vintagefix.json:model_optimizations.dedup_multipart.MixinMultipartBuilder from mod vintagefix -> net.minecraft.client.renderer.block.model.MultipartBakedModel$Builder
[15:13:04] [ForkJoinPool.commonPool-worker-1/DEBUG] [CleanMix]: Mixing model_optimizations.dedup_multipart.MixinMultipartModel from mixins.vintagefix.json into net.minecraft.client.renderer.block.model.MultipartBakedModel
[15:13:04] [ForkJoinPool.commonPool-worker-1/INFO] [MixinBooter/Audit]: APPLY mixins.vintagefix.json:model_optimizations.dedup_multipart.MixinMultipartModel from mod vintagefix -> net.minecraft.client.renderer.block.model.MultipartBakedModel
[15:13:06] [Client thread/DEBUG] [CleanMix]: Mixing UTRenderPlayerMixin from mixins.bugfixes.entities.elytrarender.json into net.minecraft.client.renderer.entity.RenderPlayer
[15:13:06] [Client thread/INFO] [MixinBooter/Audit]: APPLY mixins.bugfixes.entities.elytrarender.json:UTRenderPlayerMixin from mod universaltweaks -> net.minecraft.client.renderer.entity.RenderPlayer
[15:13:06] [Client thread/DEBUG] [CleanMix]: Mixing UTSpiderLayerMixin from mixins.bugfixes.misc.depthmask.json into net.minecraft.client.renderer.entity.layers.LayerSpiderEyes
[15:13:06] [Client thread/INFO] [MixinBooter/Audit]: APPLY mixins.bugfixes.misc.depthmask.json:UTSpiderLayerMixin from mod universaltweaks -> net.minecraft.client.renderer.entity.layers.LayerSpiderEyes
[15:13:06] [Client thread/DEBUG] [CleanMix]: Mixing bugfix.render_state_leaks.LayerSpiderEyesMixin from mixins.vintagefix.json into net.minecraft.client.renderer.entity.layers.LayerSpiderEyes
[15:13:06] [Client thread/INFO] [MixinBooter/Audit]: APPLY mixins.vintagefix.json:bugfix.render_state_leaks.LayerSpiderEyesMixin from mod vintagefix -> net.minecraft.client.renderer.entity.layers.LayerSpiderEyes
[15:13:06] [Client thread/DEBUG] [CleanMix]: Mixing bugfix.dark_entities.RenderWolfMixin from mixins.vintagefix.json into net.minecraft.client.renderer.entity.RenderWolf
[15:13:06] [Client thread/INFO] [MixinBooter/Audit]: APPLY mixins.vintagefix.json:bugfix.dark_entities.RenderWolfMixin from mod vintagefix -> net.minecraft.client.renderer.entity.RenderWolf
[15:13:06] [Client thread/DEBUG] [CleanMix]: Mixing UTCreeperLayerMixin from mixins.bugfixes.misc.depthmask.json into net.minecraft.client.renderer.entity.layers.LayerCreeperCharge
[15:13:06] [Client thread/INFO] [MixinBooter/Audit]: APPLY mixins.bugfixes.misc.depthmask.json:UTCreeperLayerMixin from mod universaltweaks -> net.minecraft.client.renderer.entity.layers.LayerCreeperCharge
[15:13:06] [Client thread/DEBUG] [CleanMix]: Mixing bugfix.render_state_leaks.LayerCreeperChargeMixin from mixins.vintagefix.json into net.minecraft.client.renderer.entity.layers.LayerCreeperCharge
[15:13:06] [Client thread/INFO] [MixinBooter/Audit]: APPLY mixins.vintagefix.json:bugfix.render_state_leaks.LayerCreeperChargeMixin from mod vintagefix -> net.minecraft.client.renderer.entity.layers.LayerCreeperCharge
[15:13:06] [Client thread/DEBUG] [CleanMix]: Mixing bugfix.render_state_leaks.RenderGuardianMixin from mixins.vintagefix.json into net.minecraft.client.renderer.entity.RenderGuardian
[15:13:06] [Client thread/INFO] [MixinBooter/Audit]: APPLY mixins.vintagefix.json:bugfix.render_state_leaks.RenderGuardianMixin from mod vintagefix -> net.minecraft.client.renderer.entity.RenderGuardian
[15:13:06] [Client thread/DEBUG] [CleanMix]: Mixing bugfix.render_state_leaks.RenderDragonMixin from mixins.vintagefix.json into net.minecraft.client.renderer.entity.RenderDragon
[15:13:06] [Client thread/INFO] [MixinBooter/Audit]: APPLY mixins.vintagefix.json:bugfix.render_state_leaks.RenderDragonMixin from mod vintagefix -> net.minecraft.client.renderer.entity.RenderDragon
[15:13:06] [Client thread/DEBUG] [CleanMix]: Mixing UTWitherLayerMixin from mixins.bugfixes.misc.depthmask.json into net.minecraft.client.renderer.entity.layers.LayerWitherAura
[15:13:06] [Client thread/INFO] [MixinBooter/Audit]: APPLY mixins.bugfixes.misc.depthmask.json:UTWitherLayerMixin from mod universaltweaks -> net.minecraft.client.renderer.entity.layers.LayerWitherAura
[15:13:06] [Client thread/DEBUG] [CleanMix]: Mixing UTRenderEntityItemMixin from mixins.tweaks.items.itementities.client.json into net.minecraft.client.renderer.entity.RenderEntityItem
[15:13:06] [Client thread/INFO] [MixinBooter/Audit]: APPLY mixins.tweaks.items.itementities.client.json:UTRenderEntityItemMixin from mod universaltweaks -> net.minecraft.client.renderer.entity.RenderEntityItem
[15:13:07] [Client thread/DEBUG] [CleanMix]: Mixing bugfix.dark_entities.RenderTNTPrimedMixin from mixins.vintagefix.json into net.minecraft.client.renderer.entity.RenderTNTPrimed
[15:13:07] [Client thread/INFO] [MixinBooter/Audit]: APPLY mixins.vintagefix.json:bugfix.dark_entities.RenderTNTPrimedMixin from mod vintagefix -> net.minecraft.client.renderer.entity.RenderTNTPrimed
[15:13:07] [Client thread/DEBUG] [CleanMix]: Mixing bugfix.render_state_leaks.LayerArrowMixin from mixins.vintagefix.json into net.minecraft.client.renderer.entity.layers.LayerArrow
[15:13:07] [Client thread/INFO] [MixinBooter/Audit]: APPLY mixins.vintagefix.json:bugfix.render_state_leaks.LayerArrowMixin from mod vintagefix -> net.minecraft.client.renderer.entity.layers.LayerArrow
[15:13:07] [Client thread/DEBUG] [CleanMix]: Mixing client.BlockModelRendererMixin from mixins.alfheim.json into net.minecraft.client.renderer.BlockModelRenderer
[15:13:07] [Client thread/INFO] [MixinBooter/Audit]: APPLY mixins.alfheim.json:client.BlockModelRendererMixin from mod alfheim -> net.minecraft.client.renderer.BlockModelRenderer
[15:13:07] [Client thread/DEBUG] [CleanMix]: Mixing BlockModelRendererMixin from mixins.ondemand_sprites.json into net.minecraft.client.renderer.BlockModelRenderer
[15:13:07] [Client thread/INFO] [MixinBooter/Audit]: APPLY mixins.ondemand_sprites.json:BlockModelRendererMixin from mod loliasm -> net.minecraft.client.renderer.BlockModelRenderer
[15:13:07] [Client thread/DEBUG] [CleanMix]: Mixing ForgeBlockModelRendererMixin from mixins.ondemand_sprites.json into net.minecraftforge.client.model.pipeline.ForgeBlockModelRenderer
[15:13:07] [Client thread/DEBUG] [CleanMix]: Renaming synthetic method lambda$afterInit$1(Lnet/minecraft/client/renderer/color/BlockColors;)Lnet/minecraftforge/client/model/pipeline/VertexLighterSmoothAo; to md6a603e$loliasm$lambda$afterInit$1$0 in mixins.ondemand_sprites.json:ForgeBlockModelRendererMixin from mod loliasm
[15:13:07] [Client thread/DEBUG] [CleanMix]: Renaming synthetic method lambda$afterInit$0(Lnet/minecraft/client/renderer/color/BlockColors;)Lnet/minecraftforge/client/model/pipeline/VertexLighterFlat; to md6a603e$loliasm$lambda$afterInit$0$1 in mixins.ondemand_sprites.json:ForgeBlockModelRendererMixin from mod loliasm
[15:13:07] [Client thread/INFO] [MixinBooter/Audit]: APPLY mixins.ondemand_sprites.json:ForgeBlockModelRendererMixin from mod loliasm -> net.minecraftforge.client.model.pipeline.ForgeBlockModelRenderer
[15:13:07] [Client thread/DEBUG] [CleanMix]: Mixing allocation_rate.MixinForgeBlockModelRenderer from mixins.vintagefix.json into net.minecraftforge.client.model.pipeline.ForgeBlockModelRenderer
[15:13:07] [Client thread/INFO] [MixinBooter/Audit]: APPLY mixins.vintagefix.json:allocation_rate.MixinForgeBlockModelRenderer from mod vintagefix -> net.minecraftforge.client.model.pipeline.ForgeBlockModelRenderer
[15:13:07] [Client thread/DEBUG] [CleanMix]: Mixing VertexLighterFlatMixin from mixins.ondemand_sprites.json into net.minecraftforge.client.model.pipeline.VertexLighterFlat
[15:13:07] [Client thread/INFO] [MixinBooter/Audit]: APPLY mixins.ondemand_sprites.json:VertexLighterFlatMixin from mod loliasm -> net.minecraftforge.client.model.pipeline.VertexLighterFlat
[15:13:07] [Client thread/DEBUG] [CleanMix]: Mixing allocation_rate.AccessorVertexBufferConsumer from mixins.vintagefix.json into net.minecraftforge.client.model.pipeline.VertexBufferConsumer
[15:13:07] [Client thread/INFO] [MixinBooter/Audit]: APPLY mixins.vintagefix.json:allocation_rate.AccessorVertexBufferConsumer from mod vintagefix -> net.minecraftforge.client.model.pipeline.VertexBufferConsumer
[15:13:07] [Client thread/INFO] [MixinBooter/Audit]: POSTPROCESS org.embeddedt.vintagefix.mixin.allocation_rate.AccessorVertexBufferConsumer
[15:13:07] [Client thread/DEBUG] [CleanMix]: Mixing BlockFluidRendererMixin from mixins.ondemand_sprites.json into net.minecraft.client.renderer.BlockFluidRenderer
[15:13:07] [Client thread/INFO] [MixinBooter/Audit]: APPLY mixins.ondemand_sprites.json:BlockFluidRendererMixin from mod loliasm -> net.minecraft.client.renderer.BlockFluidRenderer
[15:13:07] [Client thread/DEBUG] [CleanMix]: Mixing MixinClippingHelper from mixins.renderlib.json into net.minecraft.client.renderer.culling.ClippingHelper
[15:13:07] [Client thread/INFO] [MixinBooter/Audit]: APPLY mixins.renderlib.json:MixinClippingHelper from mod renderlib -> net.minecraft.client.renderer.culling.ClippingHelper
[15:13:07] [Client thread/DEBUG] [CleanMix]: Mixing UTSmoothLightingMixin from mixins.bugfixes.misc.smoothlighting.json into net.minecraft.client.renderer.BlockModelRenderer$AmbientOcclusionFace
[15:13:07] [Client thread/INFO] [MixinBooter/Audit]: APPLY mixins.bugfixes.misc.smoothlighting.json:UTSmoothLightingMixin from mod universaltweaks -> net.minecraft.client.renderer.BlockModelRenderer$AmbientOcclusionFace
[15:13:07] [Client thread/DEBUG] [CleanMix]: Mixing ForgeEventFactoryMixin from mixins.forgefixes.json into net.minecraftforge.event.ForgeEventFactory
[15:13:07] [Client thread/INFO] [MixinBooter/Audit]: APPLY mixins.forgefixes.json:ForgeEventFactoryMixin from mod loliasm -> net.minecraftforge.event.ForgeEventFactory
[15:13:07] [Client thread/DEBUG] [CleanMix]: Mixing CapabilityDispatcherMixin from mixins.internal.json into net.minecraftforge.common.capabilities.CapabilityDispatcher
[15:13:07] [Client thread/INFO] [MixinBooter/Audit]: APPLY mixins.internal.json:CapabilityDispatcherMixin from mod loliasm -> net.minecraftforge.common.capabilities.CapabilityDispatcher
[15:13:07] [Client thread/DEBUG] [CleanMix]: Mixing MixinCapabilityDispatcher from mixins.stellar_core_forge_capability.json into net.minecraftforge.common.capabilities.CapabilityDispatcher
[15:13:07] [Client thread/INFO] [MixinBooter/Audit]: APPLY mixins.stellar_core_forge_capability.json:MixinCapabilityDispatcher from mod stellarcore -> net.minecraftforge.common.capabilities.CapabilityDispatcher
[15:13:08] [Client thread/DEBUG] [CleanMix]: Mixing TileEntityRenderDispatcherMixin from mixins.crashes.json into net.minecraft.client.renderer.tileentity.TileEntityRendererDispatcher
[15:13:08] [Client thread/INFO] [MixinBooter/Audit]: APPLY mixins.crashes.json:TileEntityRenderDispatcherMixin from mod loliasm -> net.minecraft.client.renderer.tileentity.TileEntityRendererDispatcher
[15:13:08] [Client thread/DEBUG] [CleanMix]: Mixing caching.renderer.MixinTileEntityRendererDispatcher from mixins.renderlib.json into net.minecraft.client.renderer.tileentity.TileEntityRendererDispatcher
[15:13:08] [Client thread/INFO] [MixinBooter/Audit]: APPLY mixins.renderlib.json:caching.renderer.MixinTileEntityRendererDispatcher from mod renderlib -> net.minecraft.client.renderer.tileentity.TileEntityRendererDispatcher
[15:13:08] [Client thread/DEBUG] [CleanMix]: Mixing tileentity.MixinTileEntityRendererDispatcher from mixins.renderlib.json into net.minecraft.client.renderer.tileentity.TileEntityRendererDispatcher
[15:13:08] [Client thread/INFO] [MixinBooter/Audit]: APPLY mixins.renderlib.json:tileentity.MixinTileEntityRendererDispatcher from mod renderlib -> net.minecraft.client.renderer.tileentity.TileEntityRendererDispatcher
[15:13:08] [Client thread/DEBUG] [CleanMix]: Mixing GuiShareToLanAccessor from mixins.tweaks.misc.gui.lanserverproperties.json into net.minecraft.client.gui.GuiShareToLan
[15:13:08] [Client thread/INFO] [MixinBooter/Audit]: APPLY mixins.tweaks.misc.gui.lanserverproperties.json:GuiShareToLanAccessor from mod universaltweaks -> net.minecraft.client.gui.GuiShareToLan
[15:13:08] [Client thread/INFO] [MixinBooter/Audit]: POSTPROCESS mod.acgaming.universaltweaks.tweaks.misc.gui.lanserverproperties.mixin.GuiShareToLanAccessor
[15:13:12] [Client thread/DEBUG] [CleanMix]: Mixing MixinGuiOverlayDebug from mixins.renderlib.json into net.minecraft.client.gui.GuiOverlayDebug
[15:13:12] [Client thread/DEBUG] [CleanMix]: Renaming synthetic method lambda$call$3(Ljava/util/List;I)V to md6a603e$renderlib$lambda$call$3$0 in mixins.renderlib.json:MixinGuiOverlayDebug from mod renderlib
[15:13:12] [Client thread/DEBUG] [CleanMix]: Renaming synthetic method lambda$call$2(Ljava/lang/String;)Z to md6a603e$renderlib$lambda$call$2$1 in mixins.renderlib.json:MixinGuiOverlayDebug from mod renderlib
[15:13:12] [Client thread/DEBUG] [CleanMix]: Renaming synthetic method lambda$call$1(Ljava/util/List;I)V to md6a603e$renderlib$lambda$call$1$2 in mixins.renderlib.json:MixinGuiOverlayDebug from mod renderlib
[15:13:12] [Client thread/DEBUG] [CleanMix]: Renaming synthetic method lambda$call$0(Ljava/lang/String;)Z to md6a603e$renderlib$lambda$call$0$3 in mixins.renderlib.json:MixinGuiOverlayDebug from mod renderlib
[15:13:12] [Client thread/INFO] [MixinBooter/Audit]: APPLY mixins.renderlib.json:MixinGuiOverlayDebug from mod renderlib -> net.minecraft.client.gui.GuiOverlayDebug
[15:13:12] [Client thread/DEBUG] [CleanMix]: Mixing MixinGuiOverlayDebug from mixins.entityculling.json into net.minecraft.client.gui.GuiOverlayDebug
[15:13:12] [Client thread/DEBUG] [CleanMix]: Renaming synthetic method lambda$call$3(Ljava/util/List;I)V to md6a603e$entitycullin$lambda$call$3$4 in mixins.entityculling.json:MixinGuiOverlayDebug from mod entityculling
[15:13:12] [Client thread/DEBUG] [CleanMix]: Renaming synthetic method lambda$call$2(Ljava/lang/String;)Z to md6a603e$entitycullin$lambda$call$2$5 in mixins.entityculling.json:MixinGuiOverlayDebug from mod entityculling
[15:13:12] [Client thread/DEBUG] [CleanMix]: Renaming synthetic method lambda$call$1(Ljava/util/List;I)V to md6a603e$entitycullin$lambda$call$1$6 in mixins.entityculling.json:MixinGuiOverlayDebug from mod entityculling
[15:13:12] [Client thread/DEBUG] [CleanMix]: Renaming synthetic method lambda$call$0(Ljava/lang/String;)Z to md6a603e$entitycullin$lambda$call$0$7 in mixins.entityculling.json:MixinGuiOverlayDebug from mod entityculling
[15:13:12] [Client thread/INFO] [MixinBooter/Audit]: APPLY mixins.entityculling.json:MixinGuiOverlayDebug from mod entityculling -> net.minecraft.client.gui.GuiOverlayDebug
[15:13:12] [Client thread/DEBUG] [CleanMix]: Mixing UTGuiPlayerTabOverlayMixin from mixins.tweaks.misc.gui.ping.json into net.minecraft.client.gui.GuiPlayerTabOverlay
[15:13:12] [Client thread/INFO] [MixinBooter/Audit]: APPLY mixins.tweaks.misc.gui.ping.json:UTGuiPlayerTabOverlayMixin from mod universaltweaks -> net.minecraft.client.gui.GuiPlayerTabOverlay
[15:13:13] [Client thread/DEBUG] [CleanMix]: Mixing UTRealmsButtonOptionsMixin from mixins.tweaks.misc.buttons.realms.json into net.minecraft.client.gui.GuiOptions
[15:13:13] [Client thread/INFO] [MixinBooter/Audit]: APPLY mixins.tweaks.misc.buttons.realms.json:UTRealmsButtonOptionsMixin from mod universaltweaks -> net.minecraft.client.gui.GuiOptions
[15:13:13] [Client thread/DEBUG] [CleanMix]: Mixing UTSnooperClientButton from mixins.tweaks.misc.buttons.snooper.client.json into net.minecraft.client.gui.GuiOptions
[15:13:13] [Client thread/INFO] [MixinBooter/Audit]: APPLY mixins.tweaks.misc.buttons.snooper.client.json:UTSnooperClientButton from mod universaltweaks -> net.minecraft.client.gui.GuiOptions
[15:13:13] [Client thread/DEBUG] [CleanMix]: Mixing UTGuiScrollingListMixin from mixins.tweaks.misc.smoothscrolling.json into net.minecraftforge.fml.client.GuiScrollingList
[15:13:13] [Client thread/INFO] [MixinBooter/Audit]: APPLY mixins.tweaks.misc.smoothscrolling.json:UTGuiScrollingListMixin from mod universaltweaks -> net.minecraftforge.fml.client.GuiScrollingList
[15:13:13] [Client thread/DEBUG] [CleanMix]: Mixing DimensionTypeMixin from mixins.forgefixes.json into net.minecraft.world.DimensionType
[15:13:13] [Client thread/INFO] [MixinBooter/Audit]: APPLY mixins.forgefixes.json:DimensionTypeMixin from mod loliasm -> net.minecraft.world.DimensionType
[15:13:13] [Client thread/DEBUG] [CleanMix]: Mixing blockstates.ExtendedStateImplementationMixin from mixins.vintagefix.json into net.minecraftforge.common.property.ExtendedBlockState$ExtendedStateImplementation
[15:13:13] [Client thread/INFO] [MixinBooter/Audit]: APPLY mixins.vintagefix.json:blockstates.ExtendedStateImplementationMixin from mod vintagefix -> net.minecraftforge.common.property.ExtendedBlockState$ExtendedStateImplementation
[15:13:13] [Client thread/DEBUG] [CleanMix]: Mixing UTPlayerPacketsMixin from mixins.bugfixes.blocks.miningglitch.server.json into net.minecraft.network.NetHandlerPlayServer
[15:13:13] [Client thread/INFO] [MixinBooter/Audit]: APPLY mixins.bugfixes.blocks.miningglitch.server.json:UTPlayerPacketsMixin from mod universaltweaks -> net.minecraft.network.NetHandlerPlayServer
[15:13:13] [Client thread/DEBUG] [CleanMix]: Mixing UTNetHandlerPlayServerMixin from mixins.tweaks.items.itementities.server.json into net.minecraft.network.NetHandlerPlayServer
[15:13:13] [Client thread/INFO] [MixinBooter/Audit]: APPLY mixins.tweaks.items.itementities.server.json:UTNetHandlerPlayServerMixin from mod universaltweaks -> net.minecraft.network.NetHandlerPlayServer
[15:13:13] [Client thread/INFO] [MixinBooter/Audit]: POSTPROCESS zone.rong.loliasm.client.sprite.ondemand.mixins.BufferBuilderMixin$1
[15:30:40] [Client thread/DEBUG] [CleanMix]: Mixing UTServerPingerMixin from mixins.tweaks.performance.connectionspeed.json into net.minecraft.client.network.ServerPinger
[15:30:40] [Client thread/INFO] [MixinBooter/Audit]: APPLY mixins.tweaks.performance.connectionspeed.json:UTServerPingerMixin from mod universaltweaks -> net.minecraft.client.network.ServerPinger
[15:30:40] [Client thread/DEBUG] [CleanMix]: Mixing UTGuiSlotMixin from mixins.tweaks.misc.smoothscrolling.json into net.minecraft.client.gui.GuiSlot
[15:30:40] [Client thread/INFO] [MixinBooter/Audit]: APPLY mixins.tweaks.misc.smoothscrolling.json:UTGuiSlotMixin from mod universaltweaks -> net.minecraft.client.gui.GuiSlot
[15:30:42] [Netty Client IO #0/DEBUG] [CleanMix]: Mixing SPacketChunkDataMixin from mixins.alfheim.json into net.minecraft.network.play.server.SPacketChunkData
[15:30:42] [Netty Client IO #0/INFO] [MixinBooter/Audit]: APPLY mixins.alfheim.json:SPacketChunkDataMixin from mod alfheim -> net.minecraft.network.play.server.SPacketChunkData
[15:30:42] [Netty Client IO #0/DEBUG] [CleanMix]: Mixing UTSPacketEntityVelocityMixin from mixins.bugfixes.entities.desync.json into net.minecraft.network.play.server.SPacketEntityVelocity
[15:30:42] [Netty Client IO #0/INFO] [MixinBooter/Audit]: APPLY mixins.bugfixes.entities.desync.json:UTSPacketEntityVelocityMixin from mod universaltweaks -> net.minecraft.network.play.server.SPacketEntityVelocity
[15:30:42] [Netty Client IO #0/DEBUG] [CleanMix]: Mixing UTSPacketEntityTeleportMixin from mixins.bugfixes.entities.desync.json into net.minecraft.network.play.server.SPacketEntityTeleport
[15:30:42] [Netty Client IO #0/INFO] [MixinBooter/Audit]: APPLY mixins.bugfixes.entities.desync.json:UTSPacketEntityTeleportMixin from mod universaltweaks -> net.minecraft.network.play.server.SPacketEntityTeleport
[15:30:48] [Client thread/DEBUG] [CleanMix]: Mixing UTGuiConnectingMixin from mixins.tweaks.performance.connectionspeed.json into net.minecraft.client.multiplayer.GuiConnecting$1
[15:30:48] [Client thread/INFO] [MixinBooter/Audit]: APPLY mixins.tweaks.performance.connectionspeed.json:UTGuiConnectingMixin from mod universaltweaks -> net.minecraft.client.multiplayer.GuiConnecting$1
[15:30:49] [Netty Epoll Client IO #0/DEBUG] [CleanMix]: Mixing UTNettyCompressionDecoderMixin from mixins.bugfixes.misc.packetsize.json into net.minecraft.network.NettyCompressionDecoder
[15:30:49] [Netty Epoll Client IO #0/INFO] [MixinBooter/Audit]: APPLY mixins.bugfixes.misc.packetsize.json:UTNettyCompressionDecoderMixin from mod universaltweaks -> net.minecraft.network.NettyCompressionDecoder
[15:30:50] [Netty Epoll Client IO #0/DEBUG] [CleanMix]: Mixing UTAdvancementToastMixin from mixins.tweaks.misc.toastcontrol.json into net.minecraft.client.multiplayer.ClientAdvancementManager
[15:30:50] [Netty Epoll Client IO #0/INFO] [MixinBooter/Audit]: APPLY mixins.tweaks.misc.toastcontrol.json:UTAdvancementToastMixin from mod universaltweaks -> net.minecraft.client.multiplayer.ClientAdvancementManager
[15:30:51] [Netty Epoll Client IO #0/DEBUG] [CleanMix]: Mixing backports.new_world_name.GuiCreateWorldMixin from mixins.vintagefix.json into net.minecraft.client.gui.GuiCreateWorld
[15:30:51] [Netty Epoll Client IO #0/INFO] [MixinBooter/Audit]: APPLY mixins.vintagefix.json:backports.new_world_name.GuiCreateWorldMixin from mod vintagefix -> net.minecraft.client.gui.GuiCreateWorld
[15:30:52] [Client thread/DEBUG] [CleanMix]: Mixing ExtendedBlockStorageMixin from mixins.alfheim.json into net.minecraft.world.chunk.storage.ExtendedBlockStorage
[15:30:52] [Client thread/INFO] [MixinBooter/Audit]: APPLY mixins.alfheim.json:ExtendedBlockStorageMixin from mod alfheim -> net.minecraft.world.chunk.storage.ExtendedBlockStorage
[15:30:52] [Client thread/DEBUG] [CleanMix]: Mixing MixinClassInheritanceMultiMap from mixins.stellar_core_minecraft_classmultimap.json into net.minecraft.util.ClassInheritanceMultiMap
[15:30:52] [Client thread/INFO] [MixinBooter/Audit]: APPLY mixins.stellar_core_minecraft_classmultimap.json:MixinClassInheritanceMultiMap from mod stellarcore -> net.minecraft.util.ClassInheritanceMultiMap
[15:30:52] [Client thread/DEBUG] [CleanMix]: Mixing client.ChunkRenderDispatcherMixin from mixins.priorities.json into net.minecraft.client.renderer.chunk.ChunkRenderDispatcher
[15:30:52] [Client thread/INFO] [MixinBooter/Audit]: APPLY mixins.priorities.json:client.ChunkRenderDispatcherMixin from mod loliasm -> net.minecraft.client.renderer.chunk.ChunkRenderDispatcher
[15:30:52] [Client thread/DEBUG] [CleanMix]: Mixing ContainerLocalRenderInformationAccessor from mixins.ondemand_sprites.json into net.minecraft.client.renderer.RenderGlobal$ContainerLocalRenderInformation
[15:30:52] [Client thread/INFO] [MixinBooter/Audit]: APPLY mixins.ondemand_sprites.json:ContainerLocalRenderInformationAccessor from mod loliasm -> net.minecraft.client.renderer.RenderGlobal$ContainerLocalRenderInformation
[15:30:52] [Client thread/INFO] [MixinBooter/Audit]: POSTPROCESS zone.rong.loliasm.client.sprite.ondemand.mixins.ContainerLocalRenderInformationAccessor
[15:30:53] [Client thread/DEBUG] [CleanMix]: Mixing UTSlotCraftingMixin from mixins.bugfixes.misc.crafteditemstatistics.json into net.minecraft.inventory.SlotCrafting
[15:30:53] [Client thread/INFO] [MixinBooter/Audit]: APPLY mixins.bugfixes.misc.crafteditemstatistics.json:UTSlotCraftingMixin from mod universaltweaks -> net.minecraft.inventory.SlotCrafting
[15:30:53] [Client thread/DEBUG] [CleanMix]: Mixing skindownloading.ThreadDownloadImageDataMixin from mixins.fix_mc_skindownloading.json into net.minecraft.client.renderer.ThreadDownloadImageData
[15:30:53] [Client thread/INFO] [MixinBooter/Audit]: APPLY mixins.fix_mc_skindownloading.json:skindownloading.ThreadDownloadImageDataMixin from mod loliasm -> net.minecraft.client.renderer.ThreadDownloadImageData
[15:30:53] [Client thread/DEBUG] [CleanMix]: Mixing ChunkCompileTaskGeneratorMixin from mixins.ondemand_sprites.json into net.minecraft.client.renderer.chunk.ChunkCompileTaskGenerator
[15:30:53] [Client thread/INFO] [MixinBooter/Audit]: APPLY mixins.ondemand_sprites.json:ChunkCompileTaskGeneratorMixin from mod loliasm -> net.minecraft.client.renderer.chunk.ChunkCompileTaskGenerator
[15:30:53] [Chunk Batcher 0/DEBUG] [CleanMix]: Mixing VisGraphMixin from mixins.rendering.json into net.minecraft.client.renderer.chunk.VisGraph
[15:30:53] [Chunk Batcher 0/INFO] [MixinBooter/Audit]: APPLY mixins.rendering.json:VisGraphMixin from mod loliasm -> net.minecraft.client.renderer.chunk.VisGraph
[15:30:53] [Chunk Batcher 0/DEBUG] [CleanMix]: Mixing allocation_rate.MixinVisGraph from mixins.vintagefix.json into net.minecraft.client.renderer.chunk.VisGraph
[15:30:53] [Chunk Batcher 0/INFO] [MixinBooter/Audit]: APPLY mixins.vintagefix.json:allocation_rate.MixinVisGraph from mod vintagefix -> net.minecraft.client.renderer.chunk.VisGraph
[15:30:53] [Client thread/DEBUG] [CleanMix]: Mixing MixinEntityRenderer from mixins.entityculling.json into meldexun.renderlib.renderer.entity.EntityRenderer
[15:30:53] [Client thread/INFO] [MixinBooter/Audit]: APPLY mixins.entityculling.json:MixinEntityRenderer from mod entityculling -> meldexun.renderlib.renderer.entity.EntityRenderer
[15:30:53] [Client thread/DEBUG] [CleanMix]: Mixing MixinEntityRendererOptifine from mixins.entityculling.json into meldexun.renderlib.renderer.entity.EntityRendererOptifine
[15:30:53] [Client thread/INFO] [MixinBooter/Audit]: APPLY mixins.entityculling.json:MixinEntityRendererOptifine from mod entityculling -> meldexun.renderlib.renderer.entity.EntityRendererOptifine
[15:30:54] [Client thread/DEBUG] [CleanMix]: Mixing MixinTileEntityRenderer from mixins.entityculling.json into meldexun.renderlib.renderer.tileentity.TileEntityRenderer
[15:30:54] [Client thread/INFO] [MixinBooter/Audit]: APPLY mixins.entityculling.json:MixinTileEntityRenderer from mod entityculling -> meldexun.renderlib.renderer.tileentity.TileEntityRenderer
[15:30:54] [Client thread/DEBUG] [CleanMix]: Mixing MixinTileEntityRendererOptifine from mixins.entityculling.json into meldexun.renderlib.renderer.tileentity.TileEntityRendererOptifine
[15:30:54] [Client thread/INFO] [MixinBooter/Audit]: APPLY mixins.entityculling.json:MixinTileEntityRendererOptifine from mod entityculling -> meldexun.renderlib.renderer.tileentity.TileEntityRendererOptifine
[15:30:54] [Netty Epoll Client IO #0/DEBUG] [CleanMix]: Mixing MixinCriterionProgress from mixins.stellar_core_minecraft_advancements.json into net.minecraft.advancements.CriterionProgress
[15:30:54] [Netty Epoll Client IO #0/DEBUG] [CleanMix]: Renaming synthetic method lambda$static$0()Ljava/text/SimpleDateFormat; to md6a603e$stellarcore$lambda$static$0$0 in mixins.stellar_core_minecraft_advancements.json:MixinCriterionProgress from mod stellarcore
[15:30:54] [Netty Epoll Client IO #0/INFO] [MixinBooter/Audit]: APPLY mixins.stellar_core_minecraft_advancements.json:MixinCriterionProgress from mod stellarcore -> net.minecraft.advancements.CriterionProgress
[15:30:55] [Client thread/DEBUG] [CleanMix]: Mixing LockCodeMixin from mixins.lockcode.json into net.minecraft.world.LockCode
[15:30:55] [Client thread/INFO] [MixinBooter/Audit]: APPLY mixins.lockcode.json:LockCodeMixin from mod loliasm -> net.minecraft.world.LockCode
[15:30:55] [Client thread/DEBUG] [CleanMix]: Mixing MixinEntityTracker from mixins.stellar_core_minecraft_entitytracker.json into net.minecraft.entity.EntityTracker
[15:30:55] [Client thread/INFO] [MixinBooter/Audit]: APPLY mixins.stellar_core_minecraft_entitytracker.json:MixinEntityTracker from mod stellarcore -> net.minecraft.entity.EntityTracker
[15:30:55] [Client thread/DEBUG] [CleanMix]: Mixing UTReplaceAIMixin from mixins.tweaks.entities.ai.json into net.minecraft.entity.ai.EntityLookHelper
[15:30:55] [Client thread/INFO] [MixinBooter/Audit]: APPLY mixins.tweaks.entities.ai.json:UTReplaceAIMixin from mod universaltweaks -> net.minecraft.entity.ai.EntityLookHelper
[15:30:56] [Client thread/INFO] [MixinBooter/Audit]: POSTPROCESS meldexun.renderlib.mixin.MixinTileEntityChest$1
[15:30:56] [Chunk Batcher 1/DEBUG] [CleanMix]: Mixing allocation_rate.MixinBiomeColorHelper from mixins.vintagefix.json into net.minecraft.world.biome.BiomeColorHelper
[15:30:56] [Chunk Batcher 1/INFO] [MixinBooter/Audit]: APPLY mixins.vintagefix.json:allocation_rate.MixinBiomeColorHelper from mod vintagefix -> net.minecraft.world.biome.BiomeColorHelper
